"","utility","pcr_target","week","measure_date","ND_flag","CDC_TwoWeek_Detection_Flag","CDC_FourWeek_Detections","CDC_FourWeek_Submission","FourWeek_Detection_Percent","CDC_PersistentDetection_Flag","CDC_Detection_Flag"
"1","Utility1","FLUAV",30,2024-11-25,"No Detection","no",1,7,14.2857142857143,"no","yes"
"2","Utility1","FLUAV",31,2024-11-18,"No Detection","yes",1,8,12.5,"no","yes"
"3","Utility1","FLUAV",31,2024-11-21,"No Detection","yes",1,8,12.5,"no","yes"
"4","Utility1","FLUAV",32,2024-11-12,"Detection","yes",2,8,25,"no","yes"
"5","Utility1","FLUAV",32,2024-11-14,"No Detection","yes",2,8,25,"no","yes"
"6","Utility1","FLUAV",33,2024-11-04,"No Detection","no",1,8,12.5,"no","yes"
"7","Utility1","FLUAV",33,2024-11-07,"No Detection","no",1,8,12.5,"no","yes"
"8","Utility1","FLUAV",34,2024-10-28,"No Detection","yes",1,6,16.6666666666667,"no","yes"
"9","Utility1","FLUAV",34,2024-10-31,"No Detection","yes",1,6,16.6666666666667,"no","yes"
"10","Utility1","FLUAV",35,2024-10-21,"Detection","yes",2,6,33.3333333333333,"no","yes"
"11","Utility1","FLUAV",35,2024-10-24,"No Detection","yes",2,6,33.3333333333333,"no","yes"
"12","Utility1","FLUAV",36,2024-10-14,"No Detection","no",1,6,16.6666666666667,"no","yes"
"13","Utility1","FLUAV",36,2024-10-17,"No Detection","no",1,6,16.6666666666667,"no","yes"
"14","Utility1","FLUAV",38,2024-09-30,"Detection","yes",1,7,14.2857142857143,"no","yes"
"15","Utility1","FLUAV",38,2024-10-03,"No Detection","yes",1,7,14.2857142857143,"no","yes"
"16","Utility1","FLUAV",39,2024-09-23,"No Detection","no",0,6,0,"no","no"
"17","Utility1","FLUAV",39,2024-09-26,"No Detection","no",0,6,0,"no","no"
"18","Utility1","FLUAV",40,2024-09-16,"No Detection","no",0,6,0,"no","no"
"19","Utility1","FLUAV",41,2024-09-09,"No Detection","no",0,7,0,"no","no"
"20","Utility1","FLUAV",41,2024-09-12,"No Detection","no",0,7,0,"no","no"
"21","Utility1","FLUAV",42,2024-09-03,"No Detection","no",1,7,14.2857142857143,"no","yes"
"22","Utility1","FLUAV",43,2024-08-26,"No Detection","no",3,8,37.5,"no","yes"
"23","Utility1","FLUAV",43,2024-08-29,"No Detection","no",3,8,37.5,"no","yes"
"24","Utility1","FLUAV",44,2024-08-19,"No Detection","yes",5,8,62.5,"no","yes"
"25","Utility1","FLUAV",44,2024-08-22,"No Detection","yes",5,8,62.5,"no","yes"
"26","Utility1","FLUAV",45,2024-08-12,"No Detection","yes",5,6,83.3333333333333,"yes","no"
"27","Utility1","FLUAV",45,2024-08-15,"Detection","yes",5,6,83.3333333333333,"yes","no"
"28","Utility1","FLUAV",46,2024-08-05,"Detection","yes",6,6,100,"yes","no"
"29","Utility1","FLUAV",46,2024-08-08,"Detection","yes",6,6,100,"yes","no"
"30","Utility1","FLUAV",47,2024-07-29,"Detection","yes",5,6,83.3333333333333,"yes","no"
"31","Utility1","FLUAV",47,2024-08-01,"Detection","yes",5,6,83.3333333333333,"yes","no"
"32","Utility1","FLUAV",49,2024-07-15,"Detection","yes",3,6,50,"no","yes"
"33","Utility1","FLUAV",49,2024-07-18,"Detection","yes",3,6,50,"no","yes"
"34","Utility1","FLUAV",50,2024-07-08,"No Detection","yes",1,4,25,"no","yes"
"35","Utility1","FLUAV",50,2024-07-11,"Detection","yes",1,4,25,"no","yes"
"36","Utility1","FLUAV",51,2024-07-01,"No Detection","no",0,2,0,"no","no"
"37","Utility1","FLUAV",52,2024-06-27,"No Detection","no",0,1,0,"no","no"
"38","Utility1","FLUBV",30,2024-11-25,"No Detection","no",0,7,0,"no","no"
"39","Utility1","FLUBV",31,2024-11-18,"No Detection","no",0,8,0,"no","no"
"40","Utility1","FLUBV",31,2024-11-21,"No Detection","no",0,8,0,"no","no"
"41","Utility1","FLUBV",32,2024-11-12,"No Detection","no",0,8,0,"no","no"
"42","Utility1","FLUBV",32,2024-11-14,"No Detection","no",0,8,0,"no","no"
"43","Utility1","FLUBV",33,2024-11-04,"No Detection","no",0,8,0,"no","no"
"44","Utility1","FLUBV",33,2024-11-07,"No Detection","no",0,8,0,"no","no"
"45","Utility1","FLUBV",34,2024-10-28,"No Detection","no",0,6,0,"no","no"
"46","Utility1","FLUBV",34,2024-10-31,"No Detection","no",0,6,0,"no","no"
"47","Utility1","FLUBV",35,2024-10-21,"No Detection","no",0,6,0,"no","no"
"48","Utility1","FLUBV",35,2024-10-24,"No Detection","no",0,6,0,"no","no"
"49","Utility1","FLUBV",36,2024-10-14,"No Detection","no",0,6,0,"no","no"
"50","Utility1","FLUBV",36,2024-10-17,"No Detection","no",0,6,0,"no","no"
"51","Utility1","FLUBV",38,2024-09-30,"No Detection","no",0,7,0,"no","no"
"52","Utility1","FLUBV",38,2024-10-03,"No Detection","no",0,7,0,"no","no"
"53","Utility1","FLUBV",39,2024-09-23,"No Detection","no",0,6,0,"no","no"
"54","Utility1","FLUBV",39,2024-09-26,"No Detection","no",0,6,0,"no","no"
"55","Utility1","FLUBV",40,2024-09-16,"No Detection","no",0,6,0,"no","no"
"56","Utility1","FLUBV",41,2024-09-09,"No Detection","no",0,7,0,"no","no"
"57","Utility1","FLUBV",41,2024-09-12,"No Detection","no",0,7,0,"no","no"
"58","Utility1","FLUBV",42,2024-09-03,"No Detection","no",0,7,0,"no","no"
"59","Utility1","FLUBV",43,2024-08-26,"No Detection","no",0,8,0,"no","no"
"60","Utility1","FLUBV",43,2024-08-29,"No Detection","no",0,8,0,"no","no"
"61","Utility1","FLUBV",44,2024-08-19,"No Detection","no",0,8,0,"no","no"
"62","Utility1","FLUBV",44,2024-08-22,"No Detection","no",0,8,0,"no","no"
"63","Utility1","FLUBV",45,2024-08-12,"No Detection","no",0,6,0,"no","no"
"64","Utility1","FLUBV",45,2024-08-15,"No Detection","no",0,6,0,"no","no"
"65","Utility1","FLUBV",46,2024-08-05,"No Detection","no",0,6,0,"no","no"
"66","Utility1","FLUBV",46,2024-08-08,"No Detection","no",0,6,0,"no","no"
"67","Utility1","FLUBV",47,2024-07-29,"No Detection","no",0,6,0,"no","no"
"68","Utility1","FLUBV",47,2024-08-01,"No Detection","no",0,6,0,"no","no"
"69","Utility1","FLUBV",49,2024-07-15,"No Detection","no",0,6,0,"no","no"
"70","Utility1","FLUBV",49,2024-07-18,"No Detection","no",0,6,0,"no","no"
"71","Utility1","FLUBV",50,2024-07-08,"No Detection","no",0,4,0,"no","no"
"72","Utility1","FLUBV",50,2024-07-11,"No Detection","no",0,4,0,"no","no"
"73","Utility1","FLUBV",51,2024-07-01,"No Detection","no",0,2,0,"no","no"
"74","Utility1","FLUBV",52,2024-06-27,"No Detection","no",0,1,0,"no","no"
"75","Utility1","H1",30,2024-11-25,"No Detection","no",0,7,0,"no","no"
"76","Utility1","H1",31,2024-11-18,"No Detection","no",0,8,0,"no","no"
"77","Utility1","H1",31,2024-11-21,"No Detection","no",0,8,0,"no","no"
"78","Utility1","H1",32,2024-11-12,"No Detection","no",0,8,0,"no","no"
"79","Utility1","H1",32,2024-11-14,"No Detection","no",0,8,0,"no","no"
"80","Utility1","H1",33,2024-11-04,"No Detection","no",0,8,0,"no","no"
"81","Utility1","H1",33,2024-11-07,"No Detection","no",0,8,0,"no","no"
"82","Utility1","H1",34,2024-10-28,"No Detection","no",0,6,0,"no","no"
"83","Utility1","H1",34,2024-10-31,"No Detection","no",0,6,0,"no","no"
"84","Utility1","H1",35,2024-10-21,"No Detection","no",0,6,0,"no","no"
"85","Utility1","H1",35,2024-10-24,"No Detection","no",0,6,0,"no","no"
"86","Utility1","H1",36,2024-10-14,"No Detection","no",0,6,0,"no","no"
"87","Utility1","H1",36,2024-10-17,"No Detection","no",0,6,0,"no","no"
"88","Utility1","H1",38,2024-09-30,"No Detection","no",0,4,0,"no","no"
"89","Utility1","H1",38,2024-10-03,"No Detection","no",0,4,0,"no","no"
"90","Utility1","H1",39,2024-09-23,"No Detection","no",0,2,0,"no","no"
"91","Utility1","H1",39,2024-09-26,"No Detection","no",0,2,0,"no","no"
"92","Utility1","H1",45,2024-08-15,"No Detection","no",1,5,20,"no","yes"
"93","Utility1","H1",46,2024-08-05,"No Detection","yes",1,7,14.2857142857143,"no","yes"
"94","Utility1","H1",46,2024-08-08,"No Detection","yes",1,7,14.2857142857143,"no","yes"
"95","Utility1","H1",47,2024-07-29,"No Detection","yes",1,6,16.6666666666667,"no","yes"
"96","Utility1","H1",47,2024-08-01,"Detection","yes",1,6,16.6666666666667,"no","yes"
"97","Utility1","H1",49,2024-07-15,"No Detection","no",0,4,0,"no","no"
"98","Utility1","H1",49,2024-07-17,"No Detection","no",0,4,0,"no","no"
"99","Utility1","H1",49,2024-07-18,"No Detection","no",0,4,0,"no","no"
"100","Utility1","H1",50,2024-07-11,"No Detection","no",0,1,0,"no","no"
"101","Utility1","H3",30,2024-11-25,"No Detection","no",0,7,0,"no","no"
"102","Utility1","H3",31,2024-11-18,"No Detection","no",0,8,0,"no","no"
"103","Utility1","H3",31,2024-11-21,"No Detection","no",0,8,0,"no","no"
"104","Utility1","H3",32,2024-11-12,"No Detection","no",0,8,0,"no","no"
"105","Utility1","H3",32,2024-11-14,"No Detection","no",0,8,0,"no","no"
"106","Utility1","H3",33,2024-11-04,"No Detection","no",0,8,0,"no","no"
"107","Utility1","H3",33,2024-11-07,"No Detection","no",0,8,0,"no","no"
"108","Utility1","H3",34,2024-10-28,"No Detection","no",0,6,0,"no","no"
"109","Utility1","H3",34,2024-10-31,"No Detection","no",0,6,0,"no","no"
"110","Utility1","H3",35,2024-10-21,"No Detection","no",0,6,0,"no","no"
"111","Utility1","H3",35,2024-10-24,"No Detection","no",0,6,0,"no","no"
"112","Utility1","H3",36,2024-10-14,"No Detection","no",0,6,0,"no","no"
"113","Utility1","H3",36,2024-10-17,"No Detection","no",0,6,0,"no","no"
"114","Utility1","H3",38,2024-09-30,"No Detection","no",0,4,0,"no","no"
"115","Utility1","H3",38,2024-10-03,"No Detection","no",0,4,0,"no","no"
"116","Utility1","H3",39,2024-09-23,"No Detection","no",0,2,0,"no","no"
"117","Utility1","H3",39,2024-09-26,"No Detection","no",0,2,0,"no","no"
"118","Utility1","H3",45,2024-08-15,"No Detection","no",1,5,20,"no","yes"
"119","Utility1","H3",46,2024-08-05,"No Detection","yes",1,7,14.2857142857143,"no","yes"
"120","Utility1","H3",46,2024-08-08,"No Detection","yes",1,7,14.2857142857143,"no","yes"
"121","Utility1","H3",47,2024-07-29,"No Detection","yes",1,6,16.6666666666667,"no","yes"
"122","Utility1","H3",47,2024-08-01,"Detection","yes",1,6,16.6666666666667,"no","yes"
"123","Utility1","H3",49,2024-07-15,"No Detection","no",0,4,0,"no","no"
"124","Utility1","H3",49,2024-07-17,"No Detection","no",0,4,0,"no","no"
"125","Utility1","H3",49,2024-07-18,"No Detection","no",0,4,0,"no","no"
"126","Utility1","H3",50,2024-07-11,"No Detection","no",0,1,0,"no","no"
"127","Utility1","H5",30,2024-11-25,"No Detection","no",0,7,0,"no","no"
"128","Utility1","H5",31,2024-11-18,"No Detection","no",0,8,0,"no","no"
"129","Utility1","H5",31,2024-11-21,"No Detection","no",0,8,0,"no","no"
"130","Utility1","H5",32,2024-11-12,"No Detection","no",0,8,0,"no","no"
"131","Utility1","H5",32,2024-11-14,"No Detection","no",0,8,0,"no","no"
"132","Utility1","H5",33,2024-11-04,"No Detection","no",0,8,0,"no","no"
"133","Utility1","H5",33,2024-11-07,"No Detection","no",0,8,0,"no","no"
"134","Utility1","H5",34,2024-10-28,"No Detection","no",0,6,0,"no","no"
"135","Utility1","H5",34,2024-10-31,"No Detection","no",0,6,0,"no","no"
"136","Utility1","H5",35,2024-10-21,"No Detection","no",0,6,0,"no","no"
"137","Utility1","H5",35,2024-10-24,"No Detection","no",0,6,0,"no","no"
"138","Utility1","H5",36,2024-10-14,"No Detection","no",0,6,0,"no","no"
"139","Utility1","H5",36,2024-10-17,"No Detection","no",0,6,0,"no","no"
"140","Utility1","H5",38,2024-09-30,"No Detection","no",0,4,0,"no","no"
"141","Utility1","H5",38,2024-10-03,"No Detection","no",0,4,0,"no","no"
"142","Utility1","H5",39,2024-09-23,"No Detection","no",0,2,0,"no","no"
"143","Utility1","H5",39,2024-09-26,"No Detection","no",0,2,0,"no","no"
"144","Utility1","H5",45,2024-08-15,"No Detection","no",1,5,20,"no","yes"
"145","Utility1","H5",46,2024-08-05,"No Detection","yes",2,7,28.5714285714286,"no","yes"
"146","Utility1","H5",46,2024-08-08,"No Detection","yes",2,7,28.5714285714286,"no","yes"
"147","Utility1","H5",47,2024-07-29,"No Detection","yes",2,6,33.3333333333333,"no","yes"
"148","Utility1","H5",47,2024-08-01,"Detection","yes",2,6,33.3333333333333,"no","yes"
"149","Utility1","H5",49,2024-07-15,"No Detection","yes",1,4,25,"no","yes"
"150","Utility1","H5",49,2024-07-17,"Detection","yes",1,4,25,"no","yes"
"151","Utility1","H5",49,2024-07-18,"No Detection","yes",1,4,25,"no","yes"
"152","Utility1","H5",50,2024-07-11,"No Detection","no",0,1,0,"no","no"
"153","Utility1","PanRSV",30,2024-11-25,"No Detection","no",1,7,14.2857142857143,"no","yes"
"154","Utility1","PanRSV",31,2024-11-18,"No Detection","yes",1,8,12.5,"no","yes"
"155","Utility1","PanRSV",31,2024-11-21,"No Detection","yes",1,8,12.5,"no","yes"
"156","Utility1","PanRSV",32,2024-11-12,"No Detection","yes",1,8,12.5,"no","yes"
"157","Utility1","PanRSV",32,2024-11-14,"Detection","yes",1,8,12.5,"no","yes"
"158","Utility1","PanRSV",33,2024-11-04,"No Detection","no",0,8,0,"no","no"
"159","Utility1","PanRSV",33,2024-11-07,"No Detection","no",0,8,0,"no","no"
"160","Utility1","PanRSV",34,2024-10-28,"No Detection","no",0,6,0,"no","no"
"161","Utility1","PanRSV",34,2024-10-31,"No Detection","no",0,6,0,"no","no"
"162","Utility1","PanRSV",35,2024-10-21,"No Detection","no",0,6,0,"no","no"
"163","Utility1","PanRSV",35,2024-10-24,"No Detection","no",0,6,0,"no","no"
"164","Utility1","PanRSV",36,2024-10-14,"No Detection","no",0,6,0,"no","no"
"165","Utility1","PanRSV",36,2024-10-17,"No Detection","no",0,6,0,"no","no"
"166","Utility1","PanRSV",38,2024-09-30,"No Detection","no",0,7,0,"no","no"
"167","Utility1","PanRSV",38,2024-10-03,"No Detection","no",0,7,0,"no","no"
"168","Utility1","PanRSV",39,2024-09-23,"No Detection","no",0,6,0,"no","no"
"169","Utility1","PanRSV",39,2024-09-26,"No Detection","no",0,6,0,"no","no"
"170","Utility1","PanRSV",40,2024-09-16,"No Detection","no",0,6,0,"no","no"
"171","Utility1","PanRSV",41,2024-09-09,"No Detection","no",0,7,0,"no","no"
"172","Utility1","PanRSV",41,2024-09-12,"No Detection","no",0,7,0,"no","no"
"173","Utility1","PanRSV",42,2024-09-03,"No Detection","no",0,7,0,"no","no"
"174","Utility1","PanRSV",43,2024-08-26,"No Detection","no",1,8,12.5,"no","yes"
"175","Utility1","PanRSV",43,2024-08-29,"No Detection","no",1,8,12.5,"no","yes"
"176","Utility1","PanRSV",44,2024-08-19,"No Detection","no",1,8,12.5,"no","yes"
"177","Utility1","PanRSV",44,2024-08-22,"No Detection","no",1,8,12.5,"no","yes"
"178","Utility1","PanRSV",45,2024-08-12,"No Detection","yes",1,6,16.6666666666667,"no","yes"
"179","Utility1","PanRSV",45,2024-08-15,"No Detection","yes",1,6,16.6666666666667,"no","yes"
"180","Utility1","PanRSV",46,2024-08-05,"Detection","yes",1,6,16.6666666666667,"no","yes"
"181","Utility1","PanRSV",46,2024-08-08,"No Detection","yes",1,6,16.6666666666667,"no","yes"
"182","Utility1","PanRSV",47,2024-07-29,"No Detection","no",0,6,0,"no","no"
"183","Utility1","PanRSV",47,2024-08-01,"No Detection","no",0,6,0,"no","no"
"184","Utility1","PanRSV",49,2024-07-15,"No Detection","no",1,6,16.6666666666667,"no","yes"
"185","Utility1","PanRSV",49,2024-07-18,"No Detection","no",1,6,16.6666666666667,"no","yes"
"186","Utility1","PanRSV",50,2024-07-08,"No Detection","no",1,4,25,"no","yes"
"187","Utility1","PanRSV",50,2024-07-11,"No Detection","no",1,4,25,"no","yes"
"188","Utility1","PanRSV",51,2024-07-01,"No Detection","yes",1,2,50,"no","yes"
"189","Utility1","PanRSV",52,2024-06-27,"Detection","yes",1,1,100,"yes","no"
"190","Utility1","sars-cov-2",30,2024-11-25,"No Detection","no",4,7,57.1428571428571,"no","yes"
"191","Utility1","sars-cov-2",31,2024-11-18,"No Detection","yes",6,8,75,"no","yes"
"192","Utility1","sars-cov-2",31,2024-11-21,"No Detection","yes",6,8,75,"no","yes"
"193","Utility1","sars-cov-2",32,2024-11-12,"Detection","yes",8,8,100,"yes","no"
"194","Utility1","sars-cov-2",32,2024-11-14,"Detection","yes",8,8,100,"yes","no"
"195","Utility1","sars-cov-2",33,2024-11-04,"Detection","yes",8,8,100,"yes","no"
"196","Utility1","sars-cov-2",33,2024-11-07,"Detection","yes",8,8,100,"yes","no"
"197","Utility1","sars-cov-2",34,2024-10-28,"Detection","yes",6,6,100,"yes","no"
"198","Utility1","sars-cov-2",34,2024-10-31,"Detection","yes",6,6,100,"yes","no"
"199","Utility1","sars-cov-2",35,2024-10-21,"Detection","yes",6,6,100,"yes","no"
"200","Utility1","sars-cov-2",35,2024-10-24,"Detection","yes",6,6,100,"yes","no"
"201","Utility1","sars-cov-2",36,2024-10-14,"Detection","yes",6,6,100,"yes","no"
"202","Utility1","sars-cov-2",36,2024-10-17,"Detection","yes",6,6,100,"yes","no"
"203","Utility1","sars-cov-2",38,2024-09-30,"Detection","yes",6,7,85.7142857142857,"yes","no"
"204","Utility1","sars-cov-2",38,2024-10-03,"Detection","yes",6,7,85.7142857142857,"yes","no"
"205","Utility1","sars-cov-2",39,2024-09-23,"Detection","yes",5,6,83.3333333333333,"yes","no"
"206","Utility1","sars-cov-2",39,2024-09-26,"Detection","yes",5,6,83.3333333333333,"yes","no"
"207","Utility1","sars-cov-2",40,2024-09-16,"Detection","yes",5,6,83.3333333333333,"yes","no"
"208","Utility1","sars-cov-2",41,2024-09-09,"Detection","yes",6,7,85.7142857142857,"yes","no"
"209","Utility1","sars-cov-2",41,2024-09-12,"No Detection","yes",6,7,85.7142857142857,"yes","no"
"210","Utility1","sars-cov-2",42,2024-09-03,"Detection","yes",7,7,100,"yes","no"
"211","Utility1","sars-cov-2",43,2024-08-26,"Detection","yes",8,8,100,"yes","no"
"212","Utility1","sars-cov-2",43,2024-08-29,"Detection","yes",8,8,100,"yes","no"
"213","Utility1","sars-cov-2",44,2024-08-19,"Detection","yes",8,8,100,"yes","no"
"214","Utility1","sars-cov-2",44,2024-08-22,"Detection","yes",8,8,100,"yes","no"
"215","Utility1","sars-cov-2",45,2024-08-12,"Detection","yes",6,6,100,"yes","no"
"216","Utility1","sars-cov-2",45,2024-08-15,"Detection","yes",6,6,100,"yes","no"
"217","Utility1","sars-cov-2",46,2024-08-05,"Detection","yes",6,6,100,"yes","no"
"218","Utility1","sars-cov-2",46,2024-08-08,"Detection","yes",6,6,100,"yes","no"
"219","Utility1","sars-cov-2",47,2024-07-29,"Detection","yes",5,6,83.3333333333333,"yes","no"
"220","Utility1","sars-cov-2",47,2024-08-01,"Detection","yes",5,6,83.3333333333333,"yes","no"
"221","Utility1","sars-cov-2",49,2024-07-15,"Detection","yes",5,6,83.3333333333333,"yes","no"
"222","Utility1","sars-cov-2",49,2024-07-18,"Detection","yes",5,6,83.3333333333333,"yes","no"
"223","Utility1","sars-cov-2",50,2024-07-08,"No Detection","yes",3,4,75,"no","yes"
"224","Utility1","sars-cov-2",50,2024-07-11,"Detection","yes",3,4,75,"no","yes"
"225","Utility1","sars-cov-2",51,2024-07-01,"Detection","yes",2,2,100,"yes","no"
"226","Utility1","sars-cov-2",52,2024-06-27,"Detection","yes",1,1,100,"yes","no"
"227","Utility2","FLUAV",30,2024-11-25,"No Detection","no",4,7,57.1428571428571,"no","yes"
"228","Utility2","FLUAV",31,2024-11-18,"No Detection","yes",6,8,75,"no","yes"
"229","Utility2","FLUAV",31,2024-11-21,"No Detection","yes",6,8,75,"no","yes"
"230","Utility2","FLUAV",32,2024-11-12,"Detection","yes",7,8,87.5,"yes","no"
"231","Utility2","FLUAV",32,2024-11-14,"Detection","yes",7,8,87.5,"yes","no"
"232","Utility2","FLUAV",33,2024-11-04,"Detection","yes",7,8,87.5,"yes","no"
"233","Utility2","FLUAV",33,2024-11-07,"Detection","yes",7,8,87.5,"yes","no"
"234","Utility2","FLUAV",34,2024-10-28,"Detection","yes",5,8,62.5,"no","yes"
"235","Utility2","FLUAV",34,2024-10-31,"Detection","yes",5,8,62.5,"no","yes"
"236","Utility2","FLUAV",35,2024-10-21,"Detection","yes",3,8,37.5,"no","yes"
"237","Utility2","FLUAV",35,2024-10-24,"No Detection","yes",3,8,37.5,"no","yes"
"238","Utility2","FLUAV",36,2024-10-14,"Detection","yes",2,8,25,"no","yes"
"239","Utility2","FLUAV",36,2024-10-17,"Detection","yes",2,8,25,"no","yes"
"240","Utility2","FLUAV",37,2024-10-08,"No Detection","no",0,7,0,"no","no"
"241","Utility2","FLUAV",37,2024-10-10,"No Detection","no",0,7,0,"no","no"
"242","Utility2","FLUAV",38,2024-09-30,"No Detection","no",0,7,0,"no","no"
"243","Utility2","FLUAV",38,2024-10-03,"No Detection","no",0,7,0,"no","no"
"244","Utility2","FLUAV",39,2024-09-23,"No Detection","no",0,6,0,"no","no"
"245","Utility2","FLUAV",39,2024-09-26,"No Detection","no",0,6,0,"no","no"
"246","Utility2","FLUAV",40,2024-09-16,"No Detection","no",0,6,0,"no","no"
"247","Utility2","FLUAV",41,2024-09-09,"No Detection","no",1,7,14.2857142857143,"no","yes"
"248","Utility2","FLUAV",41,2024-09-12,"No Detection","no",1,7,14.2857142857143,"no","yes"
"249","Utility2","FLUAV",42,2024-09-03,"No Detection","no",2,7,28.5714285714286,"no","yes"
"250","Utility2","FLUAV",43,2024-08-26,"No Detection","yes",4,8,50,"no","yes"
"251","Utility2","FLUAV",43,2024-08-29,"No Detection","yes",4,8,50,"no","yes"
"252","Utility2","FLUAV",44,2024-08-19,"No Detection","yes",6,8,75,"no","yes"
"253","Utility2","FLUAV",44,2024-08-22,"Detection","yes",6,8,75,"no","yes"
"254","Utility2","FLUAV",45,2024-08-12,"Detection","yes",6,8,75,"no","yes"
"255","Utility2","FLUAV",45,2024-08-15,"No Detection","yes",6,8,75,"no","yes"
"256","Utility2","FLUAV",46,2024-08-05,"Detection","yes",6,8,75,"no","yes"
"257","Utility2","FLUAV",46,2024-08-08,"Detection","yes",6,8,75,"no","yes"
"258","Utility2","FLUAV",47,2024-07-29,"Detection","yes",4,8,50,"no","yes"
"259","Utility2","FLUAV",47,2024-08-01,"Detection","yes",4,8,50,"no","yes"
"260","Utility2","FLUAV",48,2024-07-22,"No Detection","yes",2,7,28.5714285714286,"no","yes"
"261","Utility2","FLUAV",48,2024-07-25,"Detection","yes",2,7,28.5714285714286,"no","yes"
"262","Utility2","FLUAV",49,2024-07-15,"Detection","yes",1,6,16.6666666666667,"no","yes"
"263","Utility2","FLUAV",49,2024-07-18,"No Detection","yes",1,6,16.6666666666667,"no","yes"
"264","Utility2","FLUAV",50,2024-07-08,"No Detection","no",0,4,0,"no","no"
"265","Utility2","FLUAV",50,2024-07-11,"No Detection","no",0,4,0,"no","no"
"266","Utility2","FLUAV",51,2024-07-01,"No Detection","no",0,2,0,"no","no"
"267","Utility2","FLUAV",52,2024-06-27,"No Detection","no",0,1,0,"no","no"
"268","Utility2","FLUBV",30,2024-11-25,"No Detection","no",0,7,0,"no","no"
"269","Utility2","FLUBV",31,2024-11-18,"No Detection","no",0,8,0,"no","no"
"270","Utility2","FLUBV",31,2024-11-21,"No Detection","no",0,8,0,"no","no"
"271","Utility2","FLUBV",32,2024-11-12,"No Detection","no",0,8,0,"no","no"
"272","Utility2","FLUBV",32,2024-11-14,"No Detection","no",0,8,0,"no","no"
"273","Utility2","FLUBV",33,2024-11-04,"No Detection","no",0,8,0,"no","no"
"274","Utility2","FLUBV",33,2024-11-07,"No Detection","no",0,8,0,"no","no"
"275","Utility2","FLUBV",34,2024-10-28,"No Detection","no",0,8,0,"no","no"
"276","Utility2","FLUBV",34,2024-10-31,"No Detection","no",0,8,0,"no","no"
"277","Utility2","FLUBV",35,2024-10-21,"No Detection","no",0,8,0,"no","no"
"278","Utility2","FLUBV",35,2024-10-24,"No Detection","no",0,8,0,"no","no"
"279","Utility2","FLUBV",36,2024-10-14,"No Detection","no",0,8,0,"no","no"
"280","Utility2","FLUBV",36,2024-10-17,"No Detection","no",0,8,0,"no","no"
"281","Utility2","FLUBV",37,2024-10-08,"No Detection","no",0,7,0,"no","no"
"282","Utility2","FLUBV",37,2024-10-10,"No Detection","no",0,7,0,"no","no"
"283","Utility2","FLUBV",38,2024-09-30,"No Detection","no",0,7,0,"no","no"
"284","Utility2","FLUBV",38,2024-10-03,"No Detection","no",0,7,0,"no","no"
"285","Utility2","FLUBV",39,2024-09-23,"No Detection","no",0,6,0,"no","no"
"286","Utility2","FLUBV",39,2024-09-26,"No Detection","no",0,6,0,"no","no"
"287","Utility2","FLUBV",40,2024-09-16,"No Detection","no",0,6,0,"no","no"
"288","Utility2","FLUBV",41,2024-09-09,"No Detection","no",0,7,0,"no","no"
"289","Utility2","FLUBV",41,2024-09-12,"No Detection","no",0,7,0,"no","no"
"290","Utility2","FLUBV",42,2024-09-03,"No Detection","no",0,7,0,"no","no"
"291","Utility2","FLUBV",43,2024-08-26,"No Detection","no",0,8,0,"no","no"
"292","Utility2","FLUBV",43,2024-08-29,"No Detection","no",0,8,0,"no","no"
"293","Utility2","FLUBV",44,2024-08-19,"No Detection","no",0,6,0,"no","no"
"294","Utility2","FLUBV",44,2024-08-22,"No Detection","no",0,6,0,"no","no"
"295","Utility2","FLUBV",45,2024-08-12,"No Detection","no",0,5,0,"no","no"
"296","Utility2","FLUBV",45,2024-08-15,"No Detection","no",0,5,0,"no","no"
"297","Utility2","FLUBV",46,2024-08-05,"No Detection","no",0,3,0,"no","no"
"298","Utility2","FLUBV",46,2024-08-08,"No Detection","no",0,3,0,"no","no"
"299","Utility2","FLUBV",48,2024-07-22,"No Detection","no",0,4,0,"no","no"
"300","Utility2","FLUBV",50,2024-07-08,"No Detection","no",0,4,0,"no","no"
"301","Utility2","FLUBV",50,2024-07-11,"No Detection","no",0,4,0,"no","no"
"302","Utility2","FLUBV",51,2024-07-01,"No Detection","no",0,2,0,"no","no"
"303","Utility2","FLUBV",52,2024-06-27,"No Detection","no",0,1,0,"no","no"
"304","Utility2","H1",30,2024-11-25,"No Detection","no",2,7,28.5714285714286,"no","yes"
"305","Utility2","H1",31,2024-11-18,"No Detection","no",3,8,37.5,"no","yes"
"306","Utility2","H1",31,2024-11-21,"No Detection","no",3,8,37.5,"no","yes"
"307","Utility2","H1",32,2024-11-12,"No Detection","yes",4,8,50,"no","yes"
"308","Utility2","H1",32,2024-11-14,"No Detection","yes",4,8,50,"no","yes"
"309","Utility2","H1",33,2024-11-04,"Detection","yes",4,7,57.1428571428571,"no","yes"
"310","Utility2","H1",33,2024-11-07,"Detection","yes",4,7,57.1428571428571,"no","yes"
"311","Utility2","H1",34,2024-10-28,"No Detection","yes",2,7,28.5714285714286,"no","yes"
"312","Utility2","H1",34,2024-10-31,"Detection","yes",2,7,28.5714285714286,"no","yes"
"313","Utility2","H1",35,2024-10-21,"Detection","yes",1,7,14.2857142857143,"no","yes"
"314","Utility2","H1",35,2024-10-24,"No Detection","yes",1,7,14.2857142857143,"no","yes"
"315","Utility2","H1",36,2024-10-17,"No Detection","no",0,7,0,"no","no"
"316","Utility2","H1",37,2024-10-08,"No Detection","no",0,6,0,"no","no"
"317","Utility2","H1",37,2024-10-10,"No Detection","no",0,6,0,"no","no"
"318","Utility2","H1",38,2024-09-30,"No Detection","no",0,4,0,"no","no"
"319","Utility2","H1",38,2024-10-03,"No Detection","no",0,4,0,"no","no"
"320","Utility2","H1",39,2024-09-23,"No Detection","no",0,2,0,"no","no"
"321","Utility2","H1",39,2024-09-26,"No Detection","no",0,2,0,"no","no"
"322","Utility2","H1",45,2024-08-12,"No Detection","no",1,7,14.2857142857143,"no","yes"
"323","Utility2","H1",45,2024-08-15,"No Detection","no",1,7,14.2857142857143,"no","yes"
"324","Utility2","H1",46,2024-08-05,"No Detection","yes",1,7,14.2857142857143,"no","yes"
"325","Utility2","H1",46,2024-08-08,"No Detection","yes",1,7,14.2857142857143,"no","yes"
"326","Utility2","H1",47,2024-07-29,"No Detection","yes",1,6,16.6666666666667,"no","yes"
"327","Utility2","H1",47,2024-08-01,"Detection","yes",1,6,16.6666666666667,"no","yes"
"328","Utility2","H1",48,2024-07-25,"No Detection","no",0,4,0,"no","no"
"329","Utility2","H1",49,2024-07-15,"No Detection","no",0,3,0,"no","no"
"330","Utility2","H1",49,2024-07-18,"No Detection","no",0,3,0,"no","no"
"331","Utility2","H1",50,2024-07-11,"No Detection","no",0,1,0,"no","no"
"332","Utility2","H3",30,2024-11-25,"No Detection","no",3,7,42.8571428571429,"no","yes"
"333","Utility2","H3",31,2024-11-18,"No Detection","yes",5,8,62.5,"no","yes"
"334","Utility2","H3",31,2024-11-21,"No Detection","yes",5,8,62.5,"no","yes"
"335","Utility2","H3",32,2024-11-12,"Detection","yes",6,8,75,"no","yes"
"336","Utility2","H3",32,2024-11-14,"No Detection","yes",6,8,75,"no","yes"
"337","Utility2","H3",33,2024-11-04,"Detection","yes",6,7,85.7142857142857,"yes","no"
"338","Utility2","H3",33,2024-11-07,"Detection","yes",6,7,85.7142857142857,"yes","no"
"339","Utility2","H3",34,2024-10-28,"Detection","yes",5,7,71.4285714285714,"no","yes"
"340","Utility2","H3",34,2024-10-31,"Detection","yes",5,7,71.4285714285714,"no","yes"
"341","Utility2","H3",35,2024-10-21,"Detection","yes",3,7,42.8571428571429,"no","yes"
"342","Utility2","H3",35,2024-10-24,"No Detection","yes",3,7,42.8571428571429,"no","yes"
"343","Utility2","H3",36,2024-10-17,"Detection","yes",2,7,28.5714285714286,"no","yes"
"344","Utility2","H3",37,2024-10-08,"No Detection","yes",1,6,16.6666666666667,"no","yes"
"345","Utility2","H3",37,2024-10-10,"Detection","yes",1,6,16.6666666666667,"no","yes"
"346","Utility2","H3",38,2024-09-30,"No Detection","no",0,4,0,"no","no"
"347","Utility2","H3",38,2024-10-03,"No Detection","no",0,4,0,"no","no"
"348","Utility2","H3",39,2024-09-23,"No Detection","no",0,2,0,"no","no"
"349","Utility2","H3",39,2024-09-26,"No Detection","no",0,2,0,"no","no"
"350","Utility2","H3",45,2024-08-12,"No Detection","no",1,7,14.2857142857143,"no","yes"
"351","Utility2","H3",45,2024-08-15,"No Detection","no",1,7,14.2857142857143,"no","yes"
"352","Utility2","H3",46,2024-08-05,"No Detection","yes",1,7,14.2857142857143,"no","yes"
"353","Utility2","H3",46,2024-08-08,"No Detection","yes",1,7,14.2857142857143,"no","yes"
"354","Utility2","H3",47,2024-07-29,"No Detection","yes",1,6,16.6666666666667,"no","yes"
"355","Utility2","H3",47,2024-08-01,"Detection","yes",1,6,16.6666666666667,"no","yes"
"356","Utility2","H3",48,2024-07-25,"No Detection","no",0,4,0,"no","no"
"357","Utility2","H3",49,2024-07-15,"No Detection","no",0,3,0,"no","no"
"358","Utility2","H3",49,2024-07-18,"No Detection","no",0,3,0,"no","no"
"359","Utility2","H3",50,2024-07-11,"No Detection","no",0,1,0,"no","no"
"360","Utility2","H5",30,2024-11-25,"No Detection","no",0,7,0,"no","no"
"361","Utility2","H5",31,2024-11-18,"No Detection","no",0,8,0,"no","no"
"362","Utility2","H5",31,2024-11-21,"No Detection","no",0,8,0,"no","no"
"363","Utility2","H5",32,2024-11-12,"No Detection","no",0,8,0,"no","no"
"364","Utility2","H5",32,2024-11-14,"No Detection","no",0,8,0,"no","no"
"365","Utility2","H5",33,2024-11-04,"No Detection","no",0,7,0,"no","no"
"366","Utility2","H5",33,2024-11-07,"No Detection","no",0,7,0,"no","no"
"367","Utility2","H5",34,2024-10-28,"No Detection","no",0,7,0,"no","no"
"368","Utility2","H5",34,2024-10-31,"No Detection","no",0,7,0,"no","no"
"369","Utility2","H5",35,2024-10-21,"No Detection","no",0,7,0,"no","no"
"370","Utility2","H5",35,2024-10-24,"No Detection","no",0,7,0,"no","no"
"371","Utility2","H5",36,2024-10-17,"No Detection","no",0,7,0,"no","no"
"372","Utility2","H5",37,2024-10-08,"No Detection","no",0,6,0,"no","no"
"373","Utility2","H5",37,2024-10-10,"No Detection","no",0,6,0,"no","no"
"374","Utility2","H5",38,2024-09-30,"No Detection","no",0,4,0,"no","no"
"375","Utility2","H5",38,2024-10-03,"No Detection","no",0,4,0,"no","no"
"376","Utility2","H5",39,2024-09-23,"No Detection","no",0,2,0,"no","no"
"377","Utility2","H5",39,2024-09-26,"No Detection","no",0,2,0,"no","no"
"378","Utility2","H5",45,2024-08-12,"No Detection","no",2,7,28.5714285714286,"no","yes"
"379","Utility2","H5",45,2024-08-15,"No Detection","no",2,7,28.5714285714286,"no","yes"
"380","Utility2","H5",46,2024-08-05,"No Detection","yes",2,7,28.5714285714286,"no","yes"
"381","Utility2","H5",46,2024-08-08,"No Detection","yes",2,7,28.5714285714286,"no","yes"
"382","Utility2","H5",47,2024-07-29,"No Detection","yes",2,6,33.3333333333333,"no","yes"
"383","Utility2","H5",47,2024-08-01,"Detection","yes",2,6,33.3333333333333,"no","yes"
"384","Utility2","H5",48,2024-07-25,"Detection","yes",1,4,25,"no","yes"
"385","Utility2","H5",49,2024-07-15,"No Detection","no",0,3,0,"no","no"
"386","Utility2","H5",49,2024-07-18,"No Detection","no",0,3,0,"no","no"
"387","Utility2","H5",50,2024-07-11,"No Detection","no",0,1,0,"no","no"
"388","Utility2","PanRSV",30,2024-11-25,"Detection","yes",4,7,57.1428571428571,"no","yes"
"389","Utility2","PanRSV",31,2024-11-18,"Detection","yes",3,8,37.5,"no","yes"
"390","Utility2","PanRSV",31,2024-11-21,"Detection","yes",3,8,37.5,"no","yes"
"391","Utility2","PanRSV",32,2024-11-12,"No Detection","yes",2,8,25,"no","yes"
"392","Utility2","PanRSV",32,2024-11-14,"Detection","yes",2,8,25,"no","yes"
"393","Utility2","PanRSV",33,2024-11-04,"No Detection","no",2,8,25,"no","yes"
"394","Utility2","PanRSV",33,2024-11-07,"No Detection","no",2,8,25,"no","yes"
"395","Utility2","PanRSV",34,2024-10-28,"No Detection","yes",4,8,50,"no","yes"
"396","Utility2","PanRSV",34,2024-10-31,"No Detection","yes",4,8,50,"no","yes"
"397","Utility2","PanRSV",35,2024-10-21,"Detection","yes",4,8,50,"no","yes"
"398","Utility2","PanRSV",35,2024-10-24,"No Detection","yes",4,8,50,"no","yes"
"399","Utility2","PanRSV",36,2024-10-14,"Detection","yes",3,8,37.5,"no","yes"
"400","Utility2","PanRSV",36,2024-10-17,"No Detection","yes",3,8,37.5,"no","yes"
"401","Utility2","PanRSV",37,2024-10-08,"Detection","yes",2,7,28.5714285714286,"no","yes"
"402","Utility2","PanRSV",37,2024-10-10,"Detection","yes",2,7,28.5714285714286,"no","yes"
"403","Utility2","PanRSV",38,2024-09-30,"No Detection","no",0,7,0,"no","no"
"404","Utility2","PanRSV",38,2024-10-03,"No Detection","no",0,7,0,"no","no"
"405","Utility2","PanRSV",39,2024-09-23,"No Detection","no",0,6,0,"no","no"
"406","Utility2","PanRSV",39,2024-09-26,"No Detection","no",0,6,0,"no","no"
"407","Utility2","PanRSV",40,2024-09-16,"No Detection","no",0,6,0,"no","no"
"408","Utility2","PanRSV",41,2024-09-09,"No Detection","no",0,7,0,"no","no"
"409","Utility2","PanRSV",41,2024-09-12,"No Detection","no",0,7,0,"no","no"
"410","Utility2","PanRSV",42,2024-09-03,"No Detection","no",0,7,0,"no","no"
"411","Utility2","PanRSV",43,2024-08-26,"No Detection","no",0,8,0,"no","no"
"412","Utility2","PanRSV",43,2024-08-29,"No Detection","no",0,8,0,"no","no"
"413","Utility2","PanRSV",44,2024-08-19,"No Detection","no",0,8,0,"no","no"
"414","Utility2","PanRSV",44,2024-08-22,"No Detection","no",0,8,0,"no","no"
"415","Utility2","PanRSV",45,2024-08-12,"No Detection","no",1,8,12.5,"no","yes"
"416","Utility2","PanRSV",45,2024-08-15,"No Detection","no",1,8,12.5,"no","yes"
"417","Utility2","PanRSV",46,2024-08-05,"No Detection","no",1,8,12.5,"no","yes"
"418","Utility2","PanRSV",46,2024-08-08,"No Detection","no",1,8,12.5,"no","yes"
"419","Utility2","PanRSV",47,2024-07-29,"No Detection","yes",1,8,12.5,"no","yes"
"420","Utility2","PanRSV",47,2024-08-01,"No Detection","yes",1,8,12.5,"no","yes"
"421","Utility2","PanRSV",48,2024-07-22,"No Detection","yes",1,7,14.2857142857143,"no","yes"
"422","Utility2","PanRSV",48,2024-07-25,"Detection","yes",1,7,14.2857142857143,"no","yes"
"423","Utility2","PanRSV",49,2024-07-15,"No Detection","no",1,6,16.6666666666667,"no","yes"
"424","Utility2","PanRSV",49,2024-07-18,"No Detection","no",1,6,16.6666666666667,"no","yes"
"425","Utility2","PanRSV",50,2024-07-08,"No Detection","no",1,4,25,"no","yes"
"426","Utility2","PanRSV",50,2024-07-11,"No Detection","no",1,4,25,"no","yes"
"427","Utility2","PanRSV",51,2024-07-01,"No Detection","yes",1,2,50,"no","yes"
"428","Utility2","PanRSV",52,2024-06-27,"Detection","yes",1,1,100,"yes","no"
"429","Utility2","sars-cov-2",30,2024-11-25,"Detection","yes",6,7,85.7142857142857,"yes","no"
"430","Utility2","sars-cov-2",31,2024-11-18,"Detection","yes",7,8,87.5,"yes","no"
"431","Utility2","sars-cov-2",31,2024-11-21,"No Detection","yes",7,8,87.5,"yes","no"
"432","Utility2","sars-cov-2",32,2024-11-12,"Detection","yes",7,8,87.5,"yes","no"
"433","Utility2","sars-cov-2",32,2024-11-14,"Detection","yes",7,8,87.5,"yes","no"
"434","Utility2","sars-cov-2",33,2024-11-04,"Detection","yes",7,8,87.5,"yes","no"
"435","Utility2","sars-cov-2",33,2024-11-07,"Detection","yes",7,8,87.5,"yes","no"
"436","Utility2","sars-cov-2",34,2024-10-28,"Detection","yes",7,8,87.5,"yes","no"
"437","Utility2","sars-cov-2",34,2024-10-31,"Detection","yes",7,8,87.5,"yes","no"
"438","Utility2","sars-cov-2",35,2024-10-21,"Detection","yes",7,8,87.5,"yes","no"
"439","Utility2","sars-cov-2",35,2024-10-24,"No Detection","yes",7,8,87.5,"yes","no"
"440","Utility2","sars-cov-2",36,2024-10-14,"Detection","yes",8,8,100,"yes","no"
"441","Utility2","sars-cov-2",36,2024-10-17,"Detection","yes",8,8,100,"yes","no"
"442","Utility2","sars-cov-2",37,2024-10-08,"Detection","yes",7,7,100,"yes","no"
"443","Utility2","sars-cov-2",37,2024-10-10,"Detection","yes",7,7,100,"yes","no"
"444","Utility2","sars-cov-2",38,2024-09-30,"Detection","yes",7,7,100,"yes","no"
"445","Utility2","sars-cov-2",38,2024-10-03,"Detection","yes",7,7,100,"yes","no"
"446","Utility2","sars-cov-2",39,2024-09-23,"Detection","yes",6,6,100,"yes","no"
"447","Utility2","sars-cov-2",39,2024-09-26,"Detection","yes",6,6,100,"yes","no"
"448","Utility2","sars-cov-2",40,2024-09-16,"Detection","yes",6,6,100,"yes","no"
"449","Utility2","sars-cov-2",41,2024-09-09,"Detection","yes",7,7,100,"yes","no"
"450","Utility2","sars-cov-2",41,2024-09-12,"Detection","yes",7,7,100,"yes","no"
"451","Utility2","sars-cov-2",42,2024-09-03,"Detection","yes",7,7,100,"yes","no"
"452","Utility2","sars-cov-2",43,2024-08-26,"Detection","yes",8,8,100,"yes","no"
"453","Utility2","sars-cov-2",43,2024-08-29,"Detection","yes",8,8,100,"yes","no"
"454","Utility2","sars-cov-2",44,2024-08-19,"Detection","yes",8,8,100,"yes","no"
"455","Utility2","sars-cov-2",44,2024-08-22,"Detection","yes",8,8,100,"yes","no"
"456","Utility2","sars-cov-2",45,2024-08-12,"Detection","yes",8,8,100,"yes","no"
"457","Utility2","sars-cov-2",45,2024-08-15,"Detection","yes",8,8,100,"yes","no"
"458","Utility2","sars-cov-2",46,2024-08-05,"Detection","yes",8,8,100,"yes","no"
"459","Utility2","sars-cov-2",46,2024-08-08,"Detection","yes",8,8,100,"yes","no"
"460","Utility2","sars-cov-2",47,2024-07-29,"Detection","yes",7,8,87.5,"yes","no"
"461","Utility2","sars-cov-2",47,2024-08-01,"Detection","yes",7,8,87.5,"yes","no"
"462","Utility2","sars-cov-2",48,2024-07-22,"Detection","yes",6,7,85.7142857142857,"yes","no"
"463","Utility2","sars-cov-2",48,2024-07-25,"Detection","yes",6,7,85.7142857142857,"yes","no"
"464","Utility2","sars-cov-2",49,2024-07-15,"Detection","yes",5,6,83.3333333333333,"yes","no"
"465","Utility2","sars-cov-2",49,2024-07-18,"Detection","yes",5,6,83.3333333333333,"yes","no"
"466","Utility2","sars-cov-2",50,2024-07-08,"No Detection","yes",3,4,75,"no","yes"
"467","Utility2","sars-cov-2",50,2024-07-11,"Detection","yes",3,4,75,"no","yes"
"468","Utility2","sars-cov-2",51,2024-07-01,"Detection","yes",2,2,100,"yes","no"
"469","Utility2","sars-cov-2",52,2024-06-27,"Detection","yes",1,1,100,"yes","no"
"470","Utility3","FLUAV",30,2024-11-25,"No Detection","no",0,7,0,"no","no"
"471","Utility3","FLUAV",31,2024-11-18,"No Detection","no",0,7,0,"no","no"
"472","Utility3","FLUAV",31,2024-11-21,"No Detection","no",0,7,0,"no","no"
"473","Utility3","FLUAV",32,2024-11-12,"No Detection","no",0,7,0,"no","no"
"474","Utility3","FLUAV",32,2024-11-14,"No Detection","no",0,7,0,"no","no"
"475","Utility3","FLUAV",33,2024-11-04,"No Detection","no",0,7,0,"no","no"
"476","Utility3","FLUAV",33,2024-11-07,"No Detection","no",0,7,0,"no","no"
"477","Utility3","FLUAV",34,2024-10-28,"No Detection","no",0,5,0,"no","no"
"478","Utility3","FLUAV",35,2024-10-21,"No Detection","no",0,6,0,"no","no"
"479","Utility3","FLUAV",35,2024-10-24,"No Detection","no",0,6,0,"no","no"
"480","Utility3","FLUAV",36,2024-10-14,"No Detection","no",0,6,0,"no","no"
"481","Utility3","FLUAV",36,2024-10-17,"No Detection","no",0,6,0,"no","no"
"482","Utility3","FLUAV",38,2024-09-30,"No Detection","no",0,7,0,"no","no"
"483","Utility3","FLUAV",38,2024-10-03,"No Detection","no",0,7,0,"no","no"
"484","Utility3","FLUAV",39,2024-09-23,"No Detection","no",0,5,0,"no","no"
"485","Utility3","FLUAV",39,2024-09-26,"No Detection","no",0,5,0,"no","no"
"486","Utility3","FLUAV",40,2024-09-16,"No Detection","no",0,4,0,"no","no"
"487","Utility3","FLUAV",41,2024-09-09,"No Detection","no",0,5,0,"no","no"
"488","Utility3","FLUAV",41,2024-09-12,"No Detection","no",0,5,0,"no","no"
"489","Utility3","FLUAV",43,2024-08-26,"No Detection","no",0,7,0,"no","no"
"490","Utility3","FLUAV",44,2024-08-19,"No Detection","no",0,8,0,"no","no"
"491","Utility3","FLUAV",44,2024-08-22,"No Detection","no",0,8,0,"no","no"
"492","Utility3","FLUAV",45,2024-08-12,"No Detection","no",0,8,0,"no","no"
"493","Utility3","FLUAV",45,2024-08-15,"No Detection","no",0,8,0,"no","no"
"494","Utility3","FLUAV",46,2024-08-05,"No Detection","no",0,8,0,"no","no"
"495","Utility3","FLUAV",46,2024-08-08,"No Detection","no",0,8,0,"no","no"
"496","Utility3","FLUAV",47,2024-07-29,"No Detection","no",0,8,0,"no","no"
"497","Utility3","FLUAV",47,2024-08-01,"No Detection","no",0,8,0,"no","no"
"498","Utility3","FLUAV",48,2024-07-22,"No Detection","no",0,7,0,"no","no"
"499","Utility3","FLUAV",48,2024-07-25,"No Detection","no",0,7,0,"no","no"
"500","Utility3","FLUAV",49,2024-07-15,"No Detection","no",0,6,0,"no","no"
"501","Utility3","FLUAV",49,2024-07-18,"No Detection","no",0,6,0,"no","no"
"502","Utility3","FLUAV",50,2024-07-08,"No Detection","no",0,4,0,"no","no"
"503","Utility3","FLUAV",50,2024-07-11,"No Detection","no",0,4,0,"no","no"
"504","Utility3","FLUAV",51,2024-07-01,"No Detection","no",0,2,0,"no","no"
"505","Utility3","FLUAV",52,2024-06-27,"No Detection","no",0,1,0,"no","no"
"506","Utility3","FLUBV",30,2024-11-25,"No Detection","no",0,7,0,"no","no"
"507","Utility3","FLUBV",31,2024-11-18,"No Detection","no",0,7,0,"no","no"
"508","Utility3","FLUBV",31,2024-11-21,"No Detection","no",0,7,0,"no","no"
"509","Utility3","FLUBV",32,2024-11-12,"No Detection","no",0,7,0,"no","no"
"510","Utility3","FLUBV",32,2024-11-14,"No Detection","no",0,7,0,"no","no"
"511","Utility3","FLUBV",33,2024-11-04,"No Detection","no",1,7,14.2857142857143,"no","yes"
"512","Utility3","FLUBV",33,2024-11-07,"No Detection","no",1,7,14.2857142857143,"no","yes"
"513","Utility3","FLUBV",34,2024-10-28,"No Detection","no",1,5,20,"no","yes"
"514","Utility3","FLUBV",35,2024-10-21,"No Detection","yes",1,6,16.6666666666667,"no","yes"
"515","Utility3","FLUBV",35,2024-10-24,"No Detection","yes",1,6,16.6666666666667,"no","yes"
"516","Utility3","FLUBV",36,2024-10-14,"Detection","yes",1,6,16.6666666666667,"no","yes"
"517","Utility3","FLUBV",36,2024-10-17,"No Detection","yes",1,6,16.6666666666667,"no","yes"
"518","Utility3","FLUBV",38,2024-09-30,"No Detection","no",0,7,0,"no","no"
"519","Utility3","FLUBV",38,2024-10-03,"No Detection","no",0,7,0,"no","no"
"520","Utility3","FLUBV",39,2024-09-23,"No Detection","no",0,5,0,"no","no"
"521","Utility3","FLUBV",39,2024-09-26,"No Detection","no",0,5,0,"no","no"
"522","Utility3","FLUBV",40,2024-09-16,"No Detection","no",0,4,0,"no","no"
"523","Utility3","FLUBV",41,2024-09-09,"No Detection","no",0,5,0,"no","no"
"524","Utility3","FLUBV",41,2024-09-12,"No Detection","no",0,5,0,"no","no"
"525","Utility3","FLUBV",43,2024-08-26,"No Detection","no",0,7,0,"no","no"
"526","Utility3","FLUBV",44,2024-08-19,"No Detection","no",0,7,0,"no","no"
"527","Utility3","FLUBV",44,2024-08-22,"No Detection","no",0,7,0,"no","no"
"528","Utility3","FLUBV",45,2024-08-12,"No Detection","no",0,6,0,"no","no"
"529","Utility3","FLUBV",45,2024-08-15,"No Detection","no",0,6,0,"no","no"
"530","Utility3","FLUBV",46,2024-08-05,"No Detection","no",0,5,0,"no","no"
"531","Utility3","FLUBV",46,2024-08-08,"No Detection","no",0,5,0,"no","no"
"532","Utility3","FLUBV",47,2024-08-01,"No Detection","no",0,5,0,"no","no"
"533","Utility3","FLUBV",48,2024-07-22,"No Detection","no",0,5,0,"no","no"
"534","Utility3","FLUBV",49,2024-07-15,"No Detection","no",0,5,0,"no","no"
"535","Utility3","FLUBV",50,2024-07-08,"No Detection","no",0,4,0,"no","no"
"536","Utility3","FLUBV",50,2024-07-11,"No Detection","no",0,4,0,"no","no"
"537","Utility3","FLUBV",51,2024-07-01,"No Detection","no",0,2,0,"no","no"
"538","Utility3","FLUBV",52,2024-06-27,"No Detection","no",0,1,0,"no","no"
"539","Utility3","H1",30,2024-11-25,"No Detection","no",0,7,0,"no","no"
"540","Utility3","H1",31,2024-11-18,"No Detection","no",0,7,0,"no","no"
"541","Utility3","H1",31,2024-11-21,"No Detection","no",0,7,0,"no","no"
"542","Utility3","H1",32,2024-11-12,"No Detection","no",0,7,0,"no","no"
"543","Utility3","H1",32,2024-11-14,"No Detection","no",0,7,0,"no","no"
"544","Utility3","H1",33,2024-11-04,"No Detection","no",0,7,0,"no","no"
"545","Utility3","H1",33,2024-11-07,"No Detection","no",0,7,0,"no","no"
"546","Utility3","H1",34,2024-10-28,"No Detection","no",0,6,0,"no","no"
"547","Utility3","H1",35,2024-10-21,"No Detection","no",0,7,0,"no","no"
"548","Utility3","H1",35,2024-10-24,"No Detection","no",0,7,0,"no","no"
"549","Utility3","H1",36,2024-10-14,"No Detection","no",0,7,0,"no","no"
"550","Utility3","H1",36,2024-10-17,"No Detection","no",0,7,0,"no","no"
"551","Utility3","H1",37,2024-10-10,"No Detection","no",0,5,0,"no","no"
"552","Utility3","H1",38,2024-09-30,"No Detection","no",0,4,0,"no","no"
"553","Utility3","H1",38,2024-10-03,"No Detection","no",0,4,0,"no","no"
"554","Utility3","H1",39,2024-09-23,"No Detection","no",0,2,0,"no","no"
"555","Utility3","H1",39,2024-09-26,"No Detection","no",0,2,0,"no","no"
"556","Utility3","H1",45,2024-08-15,"No Detection","no",0,2,0,"no","no"
"557","Utility3","H1",47,2024-08-01,"No Detection","no",0,1,0,"no","no"
"558","Utility3","H3",30,2024-11-25,"No Detection","no",0,7,0,"no","no"
"559","Utility3","H3",31,2024-11-18,"No Detection","no",0,7,0,"no","no"
"560","Utility3","H3",31,2024-11-21,"No Detection","no",0,7,0,"no","no"
"561","Utility3","H3",32,2024-11-12,"No Detection","no",0,7,0,"no","no"
"562","Utility3","H3",32,2024-11-14,"No Detection","no",0,7,0,"no","no"
"563","Utility3","H3",33,2024-11-04,"No Detection","no",0,7,0,"no","no"
"564","Utility3","H3",33,2024-11-07,"No Detection","no",0,7,0,"no","no"
"565","Utility3","H3",34,2024-10-28,"No Detection","no",0,6,0,"no","no"
"566","Utility3","H3",35,2024-10-21,"No Detection","no",0,7,0,"no","no"
"567","Utility3","H3",35,2024-10-24,"No Detection","no",0,7,0,"no","no"
"568","Utility3","H3",36,2024-10-14,"No Detection","no",0,7,0,"no","no"
"569","Utility3","H3",36,2024-10-17,"No Detection","no",0,7,0,"no","no"
"570","Utility3","H3",37,2024-10-10,"No Detection","no",0,5,0,"no","no"
"571","Utility3","H3",38,2024-09-30,"No Detection","no",0,4,0,"no","no"
"572","Utility3","H3",38,2024-10-03,"No Detection","no",0,4,0,"no","no"
"573","Utility3","H3",39,2024-09-23,"No Detection","no",0,2,0,"no","no"
"574","Utility3","H3",39,2024-09-26,"No Detection","no",0,2,0,"no","no"
"575","Utility3","H3",45,2024-08-15,"No Detection","no",0,2,0,"no","no"
"576","Utility3","H3",47,2024-08-01,"No Detection","no",0,1,0,"no","no"
"577","Utility3","H5",30,2024-11-25,"No Detection","no",0,7,0,"no","no"
"578","Utility3","H5",31,2024-11-18,"No Detection","no",0,7,0,"no","no"
"579","Utility3","H5",31,2024-11-21,"No Detection","no",0,7,0,"no","no"
"580","Utility3","H5",32,2024-11-12,"No Detection","no",0,7,0,"no","no"
"581","Utility3","H5",32,2024-11-14,"No Detection","no",0,7,0,"no","no"
"582","Utility3","H5",33,2024-11-04,"No Detection","no",0,7,0,"no","no"
"583","Utility3","H5",33,2024-11-07,"No Detection","no",0,7,0,"no","no"
"584","Utility3","H5",34,2024-10-28,"No Detection","no",0,6,0,"no","no"
"585","Utility3","H5",35,2024-10-21,"No Detection","no",0,7,0,"no","no"
"586","Utility3","H5",35,2024-10-24,"No Detection","no",0,7,0,"no","no"
"587","Utility3","H5",36,2024-10-14,"No Detection","no",0,7,0,"no","no"
"588","Utility3","H5",36,2024-10-17,"No Detection","no",0,7,0,"no","no"
"589","Utility3","H5",37,2024-10-10,"No Detection","no",0,5,0,"no","no"
"590","Utility3","H5",38,2024-09-30,"No Detection","no",0,4,0,"no","no"
"591","Utility3","H5",38,2024-10-03,"No Detection","no",0,4,0,"no","no"
"592","Utility3","H5",39,2024-09-23,"No Detection","no",0,2,0,"no","no"
"593","Utility3","H5",39,2024-09-26,"No Detection","no",0,2,0,"no","no"
"594","Utility3","H5",45,2024-08-15,"No Detection","no",0,2,0,"no","no"
"595","Utility3","H5",47,2024-08-01,"No Detection","no",0,1,0,"no","no"
"596","Utility3","PanRSV",30,2024-11-25,"Detection","yes",4,7,57.1428571428571,"no","yes"
"597","Utility3","PanRSV",31,2024-11-18,"Detection","yes",3,7,42.8571428571429,"no","yes"
"598","Utility3","PanRSV",31,2024-11-21,"No Detection","yes",3,7,42.8571428571429,"no","yes"
"599","Utility3","PanRSV",32,2024-11-12,"Detection","yes",2,7,28.5714285714286,"no","yes"
"600","Utility3","PanRSV",32,2024-11-14,"Detection","yes",2,7,28.5714285714286,"no","yes"
"601","Utility3","PanRSV",33,2024-11-04,"No Detection","no",1,7,14.2857142857143,"no","yes"
"602","Utility3","PanRSV",33,2024-11-07,"No Detection","no",1,7,14.2857142857143,"no","yes"
"603","Utility3","PanRSV",34,2024-10-28,"No Detection","no",1,5,20,"no","yes"
"604","Utility3","PanRSV",35,2024-10-21,"No Detection","yes",1,6,16.6666666666667,"no","yes"
"605","Utility3","PanRSV",35,2024-10-24,"No Detection","yes",1,6,16.6666666666667,"no","yes"
"606","Utility3","PanRSV",36,2024-10-14,"Detection","yes",1,6,16.6666666666667,"no","yes"
"607","Utility3","PanRSV",36,2024-10-17,"No Detection","yes",1,6,16.6666666666667,"no","yes"
"608","Utility3","PanRSV",38,2024-09-30,"No Detection","no",0,7,0,"no","no"
"609","Utility3","PanRSV",38,2024-10-03,"No Detection","no",0,7,0,"no","no"
"610","Utility3","PanRSV",39,2024-09-23,"No Detection","no",0,5,0,"no","no"
"611","Utility3","PanRSV",39,2024-09-26,"No Detection","no",0,5,0,"no","no"
"612","Utility3","PanRSV",40,2024-09-16,"No Detection","no",0,4,0,"no","no"
"613","Utility3","PanRSV",41,2024-09-09,"No Detection","no",0,5,0,"no","no"
"614","Utility3","PanRSV",41,2024-09-12,"No Detection","no",0,5,0,"no","no"
"615","Utility3","PanRSV",43,2024-08-26,"No Detection","no",0,7,0,"no","no"
"616","Utility3","PanRSV",44,2024-08-19,"No Detection","no",0,8,0,"no","no"
"617","Utility3","PanRSV",44,2024-08-22,"No Detection","no",0,8,0,"no","no"
"618","Utility3","PanRSV",45,2024-08-12,"No Detection","no",0,8,0,"no","no"
"619","Utility3","PanRSV",45,2024-08-15,"No Detection","no",0,8,0,"no","no"
"620","Utility3","PanRSV",46,2024-08-05,"No Detection","no",0,8,0,"no","no"
"621","Utility3","PanRSV",46,2024-08-08,"No Detection","no",0,8,0,"no","no"
"622","Utility3","PanRSV",47,2024-07-29,"No Detection","no",0,8,0,"no","no"
"623","Utility3","PanRSV",47,2024-08-01,"No Detection","no",0,8,0,"no","no"
"624","Utility3","PanRSV",48,2024-07-22,"No Detection","no",1,7,14.2857142857143,"no","yes"
"625","Utility3","PanRSV",48,2024-07-25,"No Detection","no",1,7,14.2857142857143,"no","yes"
"626","Utility3","PanRSV",49,2024-07-15,"No Detection","no",2,6,33.3333333333333,"no","yes"
"627","Utility3","PanRSV",49,2024-07-18,"No Detection","no",2,6,33.3333333333333,"no","yes"
"628","Utility3","PanRSV",50,2024-07-08,"No Detection","yes",2,4,50,"no","yes"
"629","Utility3","PanRSV",50,2024-07-11,"No Detection","yes",2,4,50,"no","yes"
"630","Utility3","PanRSV",51,2024-07-01,"Detection","yes",2,2,100,"yes","no"
"631","Utility3","PanRSV",52,2024-06-27,"Detection","yes",1,1,100,"yes","no"
"632","Utility3","sars-cov-2",30,2024-11-25,"Detection","yes",6,7,85.7142857142857,"yes","no"
"633","Utility3","sars-cov-2",31,2024-11-18,"Detection","yes",6,7,85.7142857142857,"yes","no"
"634","Utility3","sars-cov-2",31,2024-11-21,"No Detection","yes",6,7,85.7142857142857,"yes","no"
"635","Utility3","sars-cov-2",32,2024-11-12,"Detection","yes",6,7,85.7142857142857,"yes","no"
"636","Utility3","sars-cov-2",32,2024-11-14,"Detection","yes",6,7,85.7142857142857,"yes","no"
"637","Utility3","sars-cov-2",33,2024-11-04,"Detection","yes",6,7,85.7142857142857,"yes","no"
"638","Utility3","sars-cov-2",33,2024-11-07,"Detection","yes",6,7,85.7142857142857,"yes","no"
"639","Utility3","sars-cov-2",34,2024-10-28,"Detection","yes",4,5,80,"yes","yes"
"640","Utility3","sars-cov-2",35,2024-10-21,"Detection","yes",5,6,83.3333333333333,"yes","no"
"641","Utility3","sars-cov-2",35,2024-10-24,"No Detection","yes",5,6,83.3333333333333,"yes","no"
"642","Utility3","sars-cov-2",36,2024-10-14,"Detection","yes",6,6,100,"yes","no"
"643","Utility3","sars-cov-2",36,2024-10-17,"Detection","yes",6,6,100,"yes","no"
"644","Utility3","sars-cov-2",38,2024-09-30,"Detection","yes",6,7,85.7142857142857,"yes","no"
"645","Utility3","sars-cov-2",38,2024-10-03,"Detection","yes",6,7,85.7142857142857,"yes","no"
"646","Utility3","sars-cov-2",39,2024-09-23,"Detection","yes",4,5,80,"yes","yes"
"647","Utility3","sars-cov-2",39,2024-09-26,"Detection","yes",4,5,80,"yes","yes"
"648","Utility3","sars-cov-2",40,2024-09-16,"Detection","yes",3,4,75,"no","yes"
"649","Utility3","sars-cov-2",41,2024-09-09,"No Detection","yes",4,5,80,"yes","yes"
"650","Utility3","sars-cov-2",41,2024-09-12,"Detection","yes",4,5,80,"yes","yes"
"651","Utility3","sars-cov-2",43,2024-08-26,"Detection","yes",7,7,100,"yes","no"
"652","Utility3","sars-cov-2",44,2024-08-19,"Detection","yes",8,8,100,"yes","no"
"653","Utility3","sars-cov-2",44,2024-08-22,"Detection","yes",8,8,100,"yes","no"
"654","Utility3","sars-cov-2",45,2024-08-12,"Detection","yes",7,8,87.5,"yes","no"
"655","Utility3","sars-cov-2",45,2024-08-15,"Detection","yes",7,8,87.5,"yes","no"
"656","Utility3","sars-cov-2",46,2024-08-05,"Detection","yes",7,8,87.5,"yes","no"
"657","Utility3","sars-cov-2",46,2024-08-08,"Detection","yes",7,8,87.5,"yes","no"
"658","Utility3","sars-cov-2",47,2024-07-29,"Detection","yes",6,8,75,"no","yes"
"659","Utility3","sars-cov-2",47,2024-08-01,"Detection","yes",6,8,75,"no","yes"
"660","Utility3","sars-cov-2",48,2024-07-22,"No Detection","yes",5,7,71.4285714285714,"no","yes"
"661","Utility3","sars-cov-2",48,2024-07-25,"Detection","yes",5,7,71.4285714285714,"no","yes"
"662","Utility3","sars-cov-2",49,2024-07-15,"Detection","yes",5,6,83.3333333333333,"yes","no"
"663","Utility3","sars-cov-2",49,2024-07-18,"Detection","yes",5,6,83.3333333333333,"yes","no"
"664","Utility3","sars-cov-2",50,2024-07-08,"No Detection","yes",3,4,75,"no","yes"
"665","Utility3","sars-cov-2",50,2024-07-11,"Detection","yes",3,4,75,"no","yes"
"666","Utility3","sars-cov-2",51,2024-07-01,"Detection","yes",2,2,100,"yes","no"
"667","Utility3","sars-cov-2",52,2024-06-27,"Detection","yes",1,1,100,"yes","no"
"668","Utility4","FLUAV",30,2024-11-25,"No Detection","no",0,7,0,"no","no"
"669","Utility4","FLUAV",31,2024-11-18,"No Detection","no",0,8,0,"no","no"
"670","Utility4","FLUAV",31,2024-11-20,"No Detection","no",0,8,0,"no","no"
"671","Utility4","FLUAV",32,2024-11-12,"No Detection","no",0,8,0,"no","no"
"672","Utility4","FLUAV",32,2024-11-13,"No Detection","no",0,8,0,"no","no"
"673","Utility4","FLUAV",33,2024-11-04,"No Detection","no",0,8,0,"no","no"
"674","Utility4","FLUAV",33,2024-11-06,"No Detection","no",0,8,0,"no","no"
"675","Utility4","FLUAV",34,2024-10-28,"No Detection","no",0,8,0,"no","no"
"676","Utility4","FLUAV",34,2024-10-30,"No Detection","no",0,8,0,"no","no"
"677","Utility4","FLUAV",35,2024-10-21,"No Detection","no",0,8,0,"no","no"
"678","Utility4","FLUAV",35,2024-10-23,"No Detection","no",0,8,0,"no","no"
"679","Utility4","FLUAV",36,2024-10-14,"No Detection","no",0,8,0,"no","no"
"680","Utility4","FLUAV",36,2024-10-16,"No Detection","no",0,8,0,"no","no"
"681","Utility4","FLUAV",37,2024-10-08,"No Detection","no",0,7,0,"no","no"
"682","Utility4","FLUAV",37,2024-10-09,"No Detection","no",0,7,0,"no","no"
"683","Utility4","FLUAV",38,2024-09-30,"No Detection","no",0,7,0,"no","no"
"684","Utility4","FLUAV",38,2024-10-02,"No Detection","no",0,7,0,"no","no"
"685","Utility4","FLUAV",39,2024-09-23,"No Detection","no",0,5,0,"no","no"
"686","Utility4","FLUAV",39,2024-09-25,"No Detection","no",0,5,0,"no","no"
"687","Utility4","FLUAV",40,2024-09-16,"No Detection","no",0,5,0,"no","no"
"688","Utility4","FLUAV",41,2024-09-09,"No Detection","no",0,6,0,"no","no"
"689","Utility4","FLUAV",41,2024-09-11,"No Detection","no",0,6,0,"no","no"
"690","Utility4","FLUAV",43,2024-08-26,"No Detection","no",2,8,25,"no","yes"
"691","Utility4","FLUAV",43,2024-08-28,"No Detection","no",2,8,25,"no","yes"
"692","Utility4","FLUAV",44,2024-08-19,"No Detection","no",4,8,50,"no","yes"
"693","Utility4","FLUAV",44,2024-08-21,"No Detection","no",4,8,50,"no","yes"
"694","Utility4","FLUAV",45,2024-08-12,"No Detection","yes",4,8,50,"no","yes"
"695","Utility4","FLUAV",45,2024-08-14,"No Detection","yes",4,8,50,"no","yes"
"696","Utility4","FLUAV",46,2024-08-05,"Detection","yes",4,8,50,"no","yes"
"697","Utility4","FLUAV",46,2024-08-07,"Detection","yes",4,8,50,"no","yes"
"698","Utility4","FLUAV",47,2024-07-29,"Detection","yes",3,8,37.5,"no","yes"
"699","Utility4","FLUAV",47,2024-07-31,"Detection","yes",3,8,37.5,"no","yes"
"700","Utility4","FLUAV",48,2024-07-22,"No Detection","no",1,7,14.2857142857143,"no","yes"
"701","Utility4","FLUAV",48,2024-07-24,"No Detection","no",1,7,14.2857142857143,"no","yes"
"702","Utility4","FLUAV",49,2024-07-15,"No Detection","yes",1,6,16.6666666666667,"no","yes"
"703","Utility4","FLUAV",49,2024-07-17,"No Detection","yes",1,6,16.6666666666667,"no","yes"
"704","Utility4","FLUAV",50,2024-07-08,"No Detection","yes",1,4,25,"no","yes"
"705","Utility4","FLUAV",50,2024-07-10,"Detection","yes",1,4,25,"no","yes"
"706","Utility4","FLUAV",51,2024-07-01,"No Detection","no",0,2,0,"no","no"
"707","Utility4","FLUAV",52,2024-06-26,"No Detection","no",0,1,0,"no","no"
"708","Utility4","FLUBV",30,2024-11-25,"No Detection","no",0,7,0,"no","no"
"709","Utility4","FLUBV",31,2024-11-18,"No Detection","no",0,8,0,"no","no"
"710","Utility4","FLUBV",31,2024-11-20,"No Detection","no",0,8,0,"no","no"
"711","Utility4","FLUBV",32,2024-11-12,"No Detection","no",0,8,0,"no","no"
"712","Utility4","FLUBV",32,2024-11-13,"No Detection","no",0,8,0,"no","no"
"713","Utility4","FLUBV",33,2024-11-04,"No Detection","no",0,8,0,"no","no"
"714","Utility4","FLUBV",33,2024-11-06,"No Detection","no",0,8,0,"no","no"
"715","Utility4","FLUBV",34,2024-10-28,"No Detection","no",0,8,0,"no","no"
"716","Utility4","FLUBV",34,2024-10-30,"No Detection","no",0,8,0,"no","no"
"717","Utility4","FLUBV",35,2024-10-21,"No Detection","no",0,8,0,"no","no"
"718","Utility4","FLUBV",35,2024-10-23,"No Detection","no",0,8,0,"no","no"
"719","Utility4","FLUBV",36,2024-10-14,"No Detection","no",0,8,0,"no","no"
"720","Utility4","FLUBV",36,2024-10-16,"No Detection","no",0,8,0,"no","no"
"721","Utility4","FLUBV",37,2024-10-08,"No Detection","no",0,7,0,"no","no"
"722","Utility4","FLUBV",37,2024-10-09,"No Detection","no",0,7,0,"no","no"
"723","Utility4","FLUBV",38,2024-09-30,"No Detection","no",0,7,0,"no","no"
"724","Utility4","FLUBV",38,2024-10-02,"No Detection","no",0,7,0,"no","no"
"725","Utility4","FLUBV",39,2024-09-23,"No Detection","no",0,5,0,"no","no"
"726","Utility4","FLUBV",39,2024-09-25,"No Detection","no",0,5,0,"no","no"
"727","Utility4","FLUBV",40,2024-09-16,"No Detection","no",0,5,0,"no","no"
"728","Utility4","FLUBV",41,2024-09-09,"No Detection","no",0,6,0,"no","no"
"729","Utility4","FLUBV",41,2024-09-11,"No Detection","no",0,6,0,"no","no"
"730","Utility4","FLUBV",43,2024-08-26,"No Detection","no",0,8,0,"no","no"
"731","Utility4","FLUBV",43,2024-08-28,"No Detection","no",0,8,0,"no","no"
"732","Utility4","FLUBV",44,2024-08-19,"No Detection","no",0,8,0,"no","no"
"733","Utility4","FLUBV",44,2024-08-21,"No Detection","no",0,8,0,"no","no"
"734","Utility4","FLUBV",45,2024-08-12,"No Detection","no",0,8,0,"no","no"
"735","Utility4","FLUBV",45,2024-08-14,"No Detection","no",0,8,0,"no","no"
"736","Utility4","FLUBV",46,2024-08-05,"No Detection","no",0,8,0,"no","no"
"737","Utility4","FLUBV",46,2024-08-07,"No Detection","no",0,8,0,"no","no"
"738","Utility4","FLUBV",47,2024-07-29,"No Detection","no",0,8,0,"no","no"
"739","Utility4","FLUBV",47,2024-07-31,"No Detection","no",0,8,0,"no","no"
"740","Utility4","FLUBV",48,2024-07-22,"No Detection","no",1,7,14.2857142857143,"no","yes"
"741","Utility4","FLUBV",48,2024-07-24,"No Detection","no",1,7,14.2857142857143,"no","yes"
"742","Utility4","FLUBV",49,2024-07-15,"No Detection","no",1,6,16.6666666666667,"no","yes"
"743","Utility4","FLUBV",49,2024-07-17,"No Detection","no",1,6,16.6666666666667,"no","yes"
"744","Utility4","FLUBV",50,2024-07-08,"No Detection","yes",1,4,25,"no","yes"
"745","Utility4","FLUBV",50,2024-07-10,"No Detection","yes",1,4,25,"no","yes"
"746","Utility4","FLUBV",51,2024-07-01,"Detection","yes",1,2,50,"no","yes"
"747","Utility4","FLUBV",52,2024-06-26,"No Detection","no",0,1,0,"no","no"
"748","Utility4","H1",30,2024-11-25,"No Detection","no",0,7,0,"no","no"
"749","Utility4","H1",31,2024-11-18,"No Detection","no",0,8,0,"no","no"
"750","Utility4","H1",31,2024-11-20,"No Detection","no",0,8,0,"no","no"
"751","Utility4","H1",32,2024-11-12,"No Detection","no",0,8,0,"no","no"
"752","Utility4","H1",32,2024-11-13,"No Detection","no",0,8,0,"no","no"
"753","Utility4","H1",33,2024-11-04,"No Detection","no",0,7,0,"no","no"
"754","Utility4","H1",33,2024-11-06,"No Detection","no",0,7,0,"no","no"
"755","Utility4","H1",34,2024-10-28,"No Detection","no",0,7,0,"no","no"
"756","Utility4","H1",34,2024-10-30,"No Detection","no",0,7,0,"no","no"
"757","Utility4","H1",35,2024-10-21,"No Detection","no",0,6,0,"no","no"
"758","Utility4","H1",35,2024-10-23,"No Detection","no",0,6,0,"no","no"
"759","Utility4","H1",36,2024-10-16,"No Detection","no",0,6,0,"no","no"
"760","Utility4","H1",37,2024-10-08,"No Detection","no",0,5,0,"no","no"
"761","Utility4","H1",37,2024-10-09,"No Detection","no",0,5,0,"no","no"
"762","Utility4","H1",38,2024-10-02,"No Detection","no",0,3,0,"no","no"
"763","Utility4","H1",39,2024-09-23,"No Detection","no",0,2,0,"no","no"
"764","Utility4","H1",39,2024-09-25,"No Detection","no",0,2,0,"no","no"
"765","Utility4","H1",45,2024-08-14,"Detection","yes",1,5,20,"no","yes"
"766","Utility4","H1",46,2024-08-07,"No Detection","no",0,4,0,"no","no"
"767","Utility4","H1",47,2024-07-29,"No Detection","no",0,3,0,"no","no"
"768","Utility4","H1",47,2024-07-31,"No Detection","no",0,3,0,"no","no"
"769","Utility4","H1",48,2024-07-24,"No Detection","no",0,1,0,"no","no"
"770","Utility4","H3",30,2024-11-25,"No Detection","no",0,7,0,"no","no"
"771","Utility4","H3",31,2024-11-18,"No Detection","no",0,8,0,"no","no"
"772","Utility4","H3",31,2024-11-20,"No Detection","no",0,8,0,"no","no"
"773","Utility4","H3",32,2024-11-12,"No Detection","no",0,8,0,"no","no"
"774","Utility4","H3",32,2024-11-13,"No Detection","no",0,8,0,"no","no"
"775","Utility4","H3",33,2024-11-04,"No Detection","no",0,7,0,"no","no"
"776","Utility4","H3",33,2024-11-06,"No Detection","no",0,7,0,"no","no"
"777","Utility4","H3",34,2024-10-28,"No Detection","no",0,7,0,"no","no"
"778","Utility4","H3",34,2024-10-30,"No Detection","no",0,7,0,"no","no"
"779","Utility4","H3",35,2024-10-21,"No Detection","no",0,6,0,"no","no"
"780","Utility4","H3",35,2024-10-23,"No Detection","no",0,6,0,"no","no"
"781","Utility4","H3",36,2024-10-16,"No Detection","no",0,6,0,"no","no"
"782","Utility4","H3",37,2024-10-08,"No Detection","no",0,5,0,"no","no"
"783","Utility4","H3",37,2024-10-09,"No Detection","no",0,5,0,"no","no"
"784","Utility4","H3",38,2024-10-02,"No Detection","no",0,3,0,"no","no"
"785","Utility4","H3",39,2024-09-23,"No Detection","no",0,2,0,"no","no"
"786","Utility4","H3",39,2024-09-25,"No Detection","no",0,2,0,"no","no"
"787","Utility4","H3",45,2024-08-14,"Detection","yes",2,5,40,"no","yes"
"788","Utility4","H3",46,2024-08-07,"No Detection","no",1,4,25,"no","yes"
"789","Utility4","H3",47,2024-07-29,"No Detection","yes",1,3,33.3333333333333,"no","yes"
"790","Utility4","H3",47,2024-07-31,"No Detection","yes",1,3,33.3333333333333,"no","yes"
"791","Utility4","H3",48,2024-07-24,"Detection","yes",1,1,100,"yes","no"
"792","Utility4","H5",30,2024-11-25,"No Detection","no",0,7,0,"no","no"
"793","Utility4","H5",31,2024-11-18,"No Detection","no",0,8,0,"no","no"
"794","Utility4","H5",31,2024-11-20,"No Detection","no",0,8,0,"no","no"
"795","Utility4","H5",32,2024-11-12,"No Detection","no",0,8,0,"no","no"
"796","Utility4","H5",32,2024-11-13,"No Detection","no",0,8,0,"no","no"
"797","Utility4","H5",33,2024-11-04,"No Detection","no",0,7,0,"no","no"
"798","Utility4","H5",33,2024-11-06,"No Detection","no",0,7,0,"no","no"
"799","Utility4","H5",34,2024-10-28,"No Detection","no",0,7,0,"no","no"
"800","Utility4","H5",34,2024-10-30,"No Detection","no",0,7,0,"no","no"
"801","Utility4","H5",35,2024-10-21,"No Detection","no",0,6,0,"no","no"
"802","Utility4","H5",35,2024-10-23,"No Detection","no",0,6,0,"no","no"
"803","Utility4","H5",36,2024-10-16,"No Detection","no",0,6,0,"no","no"
"804","Utility4","H5",37,2024-10-08,"No Detection","no",0,5,0,"no","no"
"805","Utility4","H5",37,2024-10-09,"No Detection","no",0,5,0,"no","no"
"806","Utility4","H5",38,2024-10-02,"No Detection","no",0,3,0,"no","no"
"807","Utility4","H5",39,2024-09-23,"No Detection","no",0,2,0,"no","no"
"808","Utility4","H5",39,2024-09-25,"No Detection","no",0,2,0,"no","no"
"809","Utility4","H5",45,2024-08-14,"No Detection","no",1,5,20,"no","yes"
"810","Utility4","H5",46,2024-08-07,"No Detection","no",1,4,25,"no","yes"
"811","Utility4","H5",47,2024-07-29,"No Detection","yes",1,3,33.3333333333333,"no","yes"
"812","Utility4","H5",47,2024-07-31,"No Detection","yes",1,3,33.3333333333333,"no","yes"
"813","Utility4","H5",48,2024-07-24,"Detection","yes",1,1,100,"yes","no"
"814","Utility4","PanRSV",30,2024-11-25,"No Detection","yes",3,7,42.8571428571429,"no","yes"
"815","Utility4","PanRSV",31,2024-11-18,"Detection","yes",3,8,37.5,"no","yes"
"816","Utility4","PanRSV",31,2024-11-20,"No Detection","yes",3,8,37.5,"no","yes"
"817","Utility4","PanRSV",32,2024-11-12,"Detection","yes",2,8,25,"no","yes"
"818","Utility4","PanRSV",32,2024-11-13,"Detection","yes",2,8,25,"no","yes"
"819","Utility4","PanRSV",33,2024-11-04,"No Detection","no",1,8,12.5,"no","yes"
"820","Utility4","PanRSV",33,2024-11-06,"No Detection","no",1,8,12.5,"no","yes"
"821","Utility4","PanRSV",34,2024-10-28,"No Detection","no",1,8,12.5,"no","yes"
"822","Utility4","PanRSV",34,2024-10-30,"No Detection","no",1,8,12.5,"no","yes"
"823","Utility4","PanRSV",35,2024-10-21,"No Detection","yes",1,8,12.5,"no","yes"
"824","Utility4","PanRSV",35,2024-10-23,"No Detection","yes",1,8,12.5,"no","yes"
"825","Utility4","PanRSV",36,2024-10-14,"Detection","yes",1,8,12.5,"no","yes"
"826","Utility4","PanRSV",36,2024-10-16,"No Detection","yes",1,8,12.5,"no","yes"
"827","Utility4","PanRSV",37,2024-10-08,"No Detection","no",0,7,0,"no","no"
"828","Utility4","PanRSV",37,2024-10-09,"No Detection","no",0,7,0,"no","no"
"829","Utility4","PanRSV",38,2024-09-30,"No Detection","no",1,7,14.2857142857143,"no","yes"
"830","Utility4","PanRSV",38,2024-10-02,"No Detection","no",1,7,14.2857142857143,"no","yes"
"831","Utility4","PanRSV",39,2024-09-23,"No Detection","no",1,5,20,"no","yes"
"832","Utility4","PanRSV",39,2024-09-25,"No Detection","no",1,5,20,"no","yes"
"833","Utility4","PanRSV",40,2024-09-16,"No Detection","yes",1,5,20,"no","yes"
"834","Utility4","PanRSV",41,2024-09-09,"No Detection","yes",1,6,16.6666666666667,"no","yes"
"835","Utility4","PanRSV",41,2024-09-11,"Detection","yes",1,6,16.6666666666667,"no","yes"
"836","Utility4","PanRSV",43,2024-08-26,"No Detection","no",0,8,0,"no","no"
"837","Utility4","PanRSV",43,2024-08-28,"No Detection","no",0,8,0,"no","no"
"838","Utility4","PanRSV",44,2024-08-19,"No Detection","no",0,8,0,"no","no"
"839","Utility4","PanRSV",44,2024-08-21,"No Detection","no",0,8,0,"no","no"
"840","Utility4","PanRSV",45,2024-08-12,"No Detection","no",0,8,0,"no","no"
"841","Utility4","PanRSV",45,2024-08-14,"No Detection","no",0,8,0,"no","no"
"842","Utility4","PanRSV",46,2024-08-05,"No Detection","no",0,8,0,"no","no"
"843","Utility4","PanRSV",46,2024-08-07,"No Detection","no",0,8,0,"no","no"
"844","Utility4","PanRSV",47,2024-07-29,"No Detection","no",0,8,0,"no","no"
"845","Utility4","PanRSV",47,2024-07-31,"No Detection","no",0,8,0,"no","no"
"846","Utility4","PanRSV",48,2024-07-22,"No Detection","no",0,7,0,"no","no"
"847","Utility4","PanRSV",48,2024-07-24,"No Detection","no",0,7,0,"no","no"
"848","Utility4","PanRSV",49,2024-07-15,"No Detection","no",1,6,16.6666666666667,"no","yes"
"849","Utility4","PanRSV",49,2024-07-17,"No Detection","no",1,6,16.6666666666667,"no","yes"
"850","Utility4","PanRSV",50,2024-07-08,"No Detection","no",1,4,25,"no","yes"
"851","Utility4","PanRSV",50,2024-07-10,"No Detection","no",1,4,25,"no","yes"
"852","Utility4","PanRSV",51,2024-07-01,"No Detection","yes",1,2,50,"no","yes"
"853","Utility4","PanRSV",52,2024-06-26,"Detection","yes",1,1,100,"yes","no"
"854","Utility4","sars-cov-2",30,2024-11-25,"No Detection","yes",5,7,71.4285714285714,"no","yes"
"855","Utility4","sars-cov-2",31,2024-11-18,"Detection","yes",7,8,87.5,"yes","no"
"856","Utility4","sars-cov-2",31,2024-11-20,"No Detection","yes",7,8,87.5,"yes","no"
"857","Utility4","sars-cov-2",32,2024-11-12,"Detection","yes",7,8,87.5,"yes","no"
"858","Utility4","sars-cov-2",32,2024-11-13,"Detection","yes",7,8,87.5,"yes","no"
"859","Utility4","sars-cov-2",33,2024-11-04,"Detection","yes",7,8,87.5,"yes","no"
"860","Utility4","sars-cov-2",33,2024-11-06,"Detection","yes",7,8,87.5,"yes","no"
"861","Utility4","sars-cov-2",34,2024-10-28,"Detection","yes",7,8,87.5,"yes","no"
"862","Utility4","sars-cov-2",34,2024-10-30,"Detection","yes",7,8,87.5,"yes","no"
"863","Utility4","sars-cov-2",35,2024-10-21,"Detection","yes",7,8,87.5,"yes","no"
"864","Utility4","sars-cov-2",35,2024-10-23,"No Detection","yes",7,8,87.5,"yes","no"
"865","Utility4","sars-cov-2",36,2024-10-14,"Detection","yes",8,8,100,"yes","no"
"866","Utility4","sars-cov-2",36,2024-10-16,"Detection","yes",8,8,100,"yes","no"
"867","Utility4","sars-cov-2",37,2024-10-08,"Detection","yes",7,7,100,"yes","no"
"868","Utility4","sars-cov-2",37,2024-10-09,"Detection","yes",7,7,100,"yes","no"
"869","Utility4","sars-cov-2",38,2024-09-30,"Detection","yes",7,7,100,"yes","no"
"870","Utility4","sars-cov-2",38,2024-10-02,"Detection","yes",7,7,100,"yes","no"
"871","Utility4","sars-cov-2",39,2024-09-23,"Detection","yes",5,5,100,"yes","no"
"872","Utility4","sars-cov-2",39,2024-09-25,"Detection","yes",5,5,100,"yes","no"
"873","Utility4","sars-cov-2",40,2024-09-16,"Detection","yes",5,5,100,"yes","no"
"874","Utility4","sars-cov-2",41,2024-09-09,"Detection","yes",6,6,100,"yes","no"
"875","Utility4","sars-cov-2",41,2024-09-11,"Detection","yes",6,6,100,"yes","no"
"876","Utility4","sars-cov-2",43,2024-08-26,"Detection","yes",8,8,100,"yes","no"
"877","Utility4","sars-cov-2",43,2024-08-28,"Detection","yes",8,8,100,"yes","no"
"878","Utility4","sars-cov-2",44,2024-08-19,"Detection","yes",8,8,100,"yes","no"
"879","Utility4","sars-cov-2",44,2024-08-21,"Detection","yes",8,8,100,"yes","no"
"880","Utility4","sars-cov-2",45,2024-08-12,"Detection","yes",8,8,100,"yes","no"
"881","Utility4","sars-cov-2",45,2024-08-14,"Detection","yes",8,8,100,"yes","no"
"882","Utility4","sars-cov-2",46,2024-08-05,"Detection","yes",8,8,100,"yes","no"
"883","Utility4","sars-cov-2",46,2024-08-07,"Detection","yes",8,8,100,"yes","no"
"884","Utility4","sars-cov-2",47,2024-07-29,"Detection","yes",7,8,87.5,"yes","no"
"885","Utility4","sars-cov-2",47,2024-07-31,"Detection","yes",7,8,87.5,"yes","no"
"886","Utility4","sars-cov-2",48,2024-07-22,"Detection","yes",6,7,85.7142857142857,"yes","no"
"887","Utility4","sars-cov-2",48,2024-07-24,"Detection","yes",6,7,85.7142857142857,"yes","no"
"888","Utility4","sars-cov-2",49,2024-07-15,"Detection","yes",5,6,83.3333333333333,"yes","no"
"889","Utility4","sars-cov-2",49,2024-07-17,"Detection","yes",5,6,83.3333333333333,"yes","no"
"890","Utility4","sars-cov-2",50,2024-07-08,"No Detection","yes",3,4,75,"no","yes"
"891","Utility4","sars-cov-2",50,2024-07-10,"Detection","yes",3,4,75,"no","yes"
"892","Utility4","sars-cov-2",51,2024-07-01,"Detection","yes",2,2,100,"yes","no"
"893","Utility4","sars-cov-2",52,2024-06-26,"Detection","yes",1,1,100,"yes","no"
"894","Utility5","FLUAV",30,2024-11-25,"No Detection","no",0,6,0,"no","no"
"895","Utility5","FLUAV",31,2024-11-18,"No Detection","no",0,7,0,"no","no"
"896","Utility5","FLUAV",31,2024-11-21,"No Detection","no",0,7,0,"no","no"
"897","Utility5","FLUAV",32,2024-11-12,"No Detection","no",0,7,0,"no","no"
"898","Utility5","FLUAV",32,2024-11-14,"No Detection","no",0,7,0,"no","no"
"899","Utility5","FLUAV",33,2024-11-04,"No Detection","no",0,7,0,"no","no"
"900","Utility5","FLUAV",34,2024-10-28,"No Detection","no",0,8,0,"no","no"
"901","Utility5","FLUAV",34,2024-10-31,"No Detection","no",0,8,0,"no","no"
"902","Utility5","FLUAV",35,2024-10-21,"No Detection","no",0,8,0,"no","no"
"903","Utility5","FLUAV",35,2024-10-24,"No Detection","no",0,8,0,"no","no"
"904","Utility5","FLUAV",36,2024-10-14,"No Detection","no",0,8,0,"no","no"
"905","Utility5","FLUAV",36,2024-10-17,"No Detection","no",0,8,0,"no","no"
"906","Utility5","FLUAV",37,2024-10-08,"No Detection","no",0,7,0,"no","no"
"907","Utility5","FLUAV",37,2024-10-10,"No Detection","no",0,7,0,"no","no"
"908","Utility5","FLUAV",38,2024-09-30,"No Detection","no",0,6,0,"no","no"
"909","Utility5","FLUAV",38,2024-10-03,"No Detection","no",0,6,0,"no","no"
"910","Utility5","FLUAV",39,2024-09-23,"No Detection","no",0,5,0,"no","no"
"911","Utility5","FLUAV",39,2024-09-26,"No Detection","no",0,5,0,"no","no"
"912","Utility5","FLUAV",40,2024-09-16,"No Detection","no",0,5,0,"no","no"
"913","Utility5","FLUAV",41,2024-09-09,"No Detection","no",0,6,0,"no","no"
"914","Utility5","FLUAV",42,2024-09-03,"No Detection","no",0,7,0,"no","no"
"915","Utility5","FLUAV",43,2024-08-26,"No Detection","no",1,8,12.5,"no","yes"
"916","Utility5","FLUAV",43,2024-08-29,"No Detection","no",1,8,12.5,"no","yes"
"917","Utility5","FLUAV",44,2024-08-19,"No Detection","no",3,8,37.5,"no","yes"
"918","Utility5","FLUAV",44,2024-08-22,"No Detection","no",3,8,37.5,"no","yes"
"919","Utility5","FLUAV",45,2024-08-12,"No Detection","yes",3,8,37.5,"no","yes"
"920","Utility5","FLUAV",45,2024-08-15,"No Detection","yes",3,8,37.5,"no","yes"
"921","Utility5","FLUAV",46,2024-08-05,"Detection","yes",3,8,37.5,"no","yes"
"922","Utility5","FLUAV",46,2024-08-08,"No Detection","yes",3,8,37.5,"no","yes"
"923","Utility5","FLUAV",47,2024-07-29,"Detection","yes",2,8,25,"no","yes"
"924","Utility5","FLUAV",47,2024-08-01,"Detection","yes",2,8,25,"no","yes"
"925","Utility5","FLUAV",48,2024-07-22,"No Detection","no",0,7,0,"no","no"
"926","Utility5","FLUAV",48,2024-07-25,"No Detection","no",0,7,0,"no","no"
"927","Utility5","FLUAV",49,2024-07-15,"No Detection","no",0,6,0,"no","no"
"928","Utility5","FLUAV",49,2024-07-18,"No Detection","no",0,6,0,"no","no"
"929","Utility5","FLUAV",50,2024-07-08,"No Detection","no",0,4,0,"no","no"
"930","Utility5","FLUAV",50,2024-07-11,"No Detection","no",0,4,0,"no","no"
"931","Utility5","FLUAV",51,2024-07-01,"No Detection","no",0,2,0,"no","no"
"932","Utility5","FLUAV",52,2024-06-27,"No Detection","no",0,1,0,"no","no"
"933","Utility5","FLUBV",30,2024-11-25,"No Detection","no",0,6,0,"no","no"
"934","Utility5","FLUBV",31,2024-11-18,"No Detection","no",0,7,0,"no","no"
"935","Utility5","FLUBV",31,2024-11-21,"No Detection","no",0,7,0,"no","no"
"936","Utility5","FLUBV",32,2024-11-12,"No Detection","no",0,7,0,"no","no"
"937","Utility5","FLUBV",32,2024-11-14,"No Detection","no",0,7,0,"no","no"
"938","Utility5","FLUBV",33,2024-11-04,"No Detection","no",0,7,0,"no","no"
"939","Utility5","FLUBV",34,2024-10-28,"No Detection","no",0,8,0,"no","no"
"940","Utility5","FLUBV",34,2024-10-31,"No Detection","no",0,8,0,"no","no"
"941","Utility5","FLUBV",35,2024-10-21,"No Detection","no",0,8,0,"no","no"
"942","Utility5","FLUBV",35,2024-10-24,"No Detection","no",0,8,0,"no","no"
"943","Utility5","FLUBV",36,2024-10-14,"No Detection","no",0,8,0,"no","no"
"944","Utility5","FLUBV",36,2024-10-17,"No Detection","no",0,8,0,"no","no"
"945","Utility5","FLUBV",37,2024-10-08,"No Detection","no",0,7,0,"no","no"
"946","Utility5","FLUBV",37,2024-10-10,"No Detection","no",0,7,0,"no","no"
"947","Utility5","FLUBV",38,2024-09-30,"No Detection","no",0,6,0,"no","no"
"948","Utility5","FLUBV",38,2024-10-03,"No Detection","no",0,6,0,"no","no"
"949","Utility5","FLUBV",39,2024-09-23,"No Detection","no",0,5,0,"no","no"
"950","Utility5","FLUBV",39,2024-09-26,"No Detection","no",0,5,0,"no","no"
"951","Utility5","FLUBV",40,2024-09-16,"No Detection","no",0,5,0,"no","no"
"952","Utility5","FLUBV",41,2024-09-09,"No Detection","no",0,6,0,"no","no"
"953","Utility5","FLUBV",42,2024-09-03,"No Detection","no",0,7,0,"no","no"
"954","Utility5","FLUBV",43,2024-08-26,"No Detection","no",0,8,0,"no","no"
"955","Utility5","FLUBV",43,2024-08-29,"No Detection","no",0,8,0,"no","no"
"956","Utility5","FLUBV",44,2024-08-19,"No Detection","no",0,8,0,"no","no"
"957","Utility5","FLUBV",44,2024-08-22,"No Detection","no",0,8,0,"no","no"
"958","Utility5","FLUBV",45,2024-08-12,"No Detection","no",0,8,0,"no","no"
"959","Utility5","FLUBV",45,2024-08-15,"No Detection","no",0,8,0,"no","no"
"960","Utility5","FLUBV",46,2024-08-05,"No Detection","no",0,8,0,"no","no"
"961","Utility5","FLUBV",46,2024-08-08,"No Detection","no",0,8,0,"no","no"
"962","Utility5","FLUBV",47,2024-07-29,"No Detection","no",0,8,0,"no","no"
"963","Utility5","FLUBV",47,2024-08-01,"No Detection","no",0,8,0,"no","no"
"964","Utility5","FLUBV",48,2024-07-22,"No Detection","no",0,7,0,"no","no"
"965","Utility5","FLUBV",48,2024-07-25,"No Detection","no",0,7,0,"no","no"
"966","Utility5","FLUBV",49,2024-07-15,"No Detection","no",0,6,0,"no","no"
"967","Utility5","FLUBV",49,2024-07-18,"No Detection","no",0,6,0,"no","no"
"968","Utility5","FLUBV",50,2024-07-08,"No Detection","no",0,4,0,"no","no"
"969","Utility5","FLUBV",50,2024-07-11,"No Detection","no",0,4,0,"no","no"
"970","Utility5","FLUBV",51,2024-07-01,"No Detection","no",0,2,0,"no","no"
"971","Utility5","FLUBV",52,2024-06-27,"No Detection","no",0,1,0,"no","no"
"972","Utility5","H1",30,2024-11-25,"No Detection","no",0,5,0,"no","no"
"973","Utility5","H1",31,2024-11-18,"No Detection","no",0,6,0,"no","no"
"974","Utility5","H1",31,2024-11-21,"No Detection","no",0,6,0,"no","no"
"975","Utility5","H1",32,2024-11-12,"No Detection","no",0,6,0,"no","no"
"976","Utility5","H1",33,2024-11-04,"No Detection","no",0,6,0,"no","no"
"977","Utility5","H1",34,2024-10-28,"No Detection","no",0,7,0,"no","no"
"978","Utility5","H1",34,2024-10-31,"No Detection","no",0,7,0,"no","no"
"979","Utility5","H1",35,2024-10-21,"No Detection","no",0,7,0,"no","no"
"980","Utility5","H1",35,2024-10-24,"No Detection","no",0,7,0,"no","no"
"981","Utility5","H1",36,2024-10-17,"No Detection","no",0,7,0,"no","no"
"982","Utility5","H1",37,2024-10-08,"No Detection","no",0,6,0,"no","no"
"983","Utility5","H1",37,2024-10-10,"No Detection","no",0,6,0,"no","no"
"984","Utility5","H1",38,2024-09-30,"No Detection","no",0,4,0,"no","no"
"985","Utility5","H1",38,2024-10-03,"No Detection","no",0,4,0,"no","no"
"986","Utility5","H1",39,2024-09-23,"No Detection","no",0,2,0,"no","no"
"987","Utility5","H1",39,2024-09-26,"No Detection","no",0,2,0,"no","no"
"988","Utility5","H1",45,2024-08-12,"No Detection","no",0,6,0,"no","no"
"989","Utility5","H1",45,2024-08-15,"No Detection","no",0,6,0,"no","no"
"990","Utility5","H1",46,2024-08-05,"No Detection","no",0,6,0,"no","no"
"991","Utility5","H1",46,2024-08-08,"No Detection","no",0,6,0,"no","no"
"992","Utility5","H1",47,2024-08-01,"No Detection","no",0,5,0,"no","no"
"993","Utility5","H1",48,2024-07-25,"No Detection","no",0,4,0,"no","no"
"994","Utility5","H1",49,2024-07-15,"No Detection","no",0,3,0,"no","no"
"995","Utility5","H1",49,2024-07-18,"No Detection","no",0,3,0,"no","no"
"996","Utility5","H1",50,2024-07-11,"No Detection","no",0,1,0,"no","no"
"997","Utility5","H3",30,2024-11-25,"No Detection","no",0,5,0,"no","no"
"998","Utility5","H3",31,2024-11-18,"No Detection","no",0,6,0,"no","no"
"999","Utility5","H3",31,2024-11-21,"No Detection","no",0,6,0,"no","no"
"1000","Utility5","H3",32,2024-11-12,"No Detection","no",0,6,0,"no","no"
"1001","Utility5","H3",33,2024-11-04,"No Detection","no",0,6,0,"no","no"
"1002","Utility5","H3",34,2024-10-28,"No Detection","no",0,7,0,"no","no"
"1003","Utility5","H3",34,2024-10-31,"No Detection","no",0,7,0,"no","no"
"1004","Utility5","H3",35,2024-10-21,"No Detection","no",0,7,0,"no","no"
"1005","Utility5","H3",35,2024-10-24,"No Detection","no",0,7,0,"no","no"
"1006","Utility5","H3",36,2024-10-17,"No Detection","no",0,7,0,"no","no"
"1007","Utility5","H3",37,2024-10-08,"No Detection","no",0,6,0,"no","no"
"1008","Utility5","H3",37,2024-10-10,"No Detection","no",0,6,0,"no","no"
"1009","Utility5","H3",38,2024-09-30,"No Detection","no",0,4,0,"no","no"
"1010","Utility5","H3",38,2024-10-03,"No Detection","no",0,4,0,"no","no"
"1011","Utility5","H3",39,2024-09-23,"No Detection","no",0,2,0,"no","no"
"1012","Utility5","H3",39,2024-09-26,"No Detection","no",0,2,0,"no","no"
"1013","Utility5","H3",45,2024-08-12,"No Detection","yes",1,6,16.6666666666667,"no","yes"
"1014","Utility5","H3",45,2024-08-15,"Detection","yes",1,6,16.6666666666667,"no","yes"
"1015","Utility5","H3",46,2024-08-05,"No Detection","no",0,6,0,"no","no"
"1016","Utility5","H3",46,2024-08-08,"No Detection","no",0,6,0,"no","no"
"1017","Utility5","H3",47,2024-08-01,"No Detection","no",0,5,0,"no","no"
"1018","Utility5","H3",48,2024-07-25,"No Detection","no",0,4,0,"no","no"
"1019","Utility5","H3",49,2024-07-15,"No Detection","no",0,3,0,"no","no"
"1020","Utility5","H3",49,2024-07-18,"No Detection","no",0,3,0,"no","no"
"1021","Utility5","H3",50,2024-07-11,"No Detection","no",0,1,0,"no","no"
"1022","Utility5","H5",30,2024-11-25,"No Detection","no",0,5,0,"no","no"
"1023","Utility5","H5",31,2024-11-18,"No Detection","no",0,6,0,"no","no"
"1024","Utility5","H5",31,2024-11-21,"No Detection","no",0,6,0,"no","no"
"1025","Utility5","H5",32,2024-11-12,"No Detection","no",0,6,0,"no","no"
"1026","Utility5","H5",33,2024-11-04,"No Detection","no",0,6,0,"no","no"
"1027","Utility5","H5",34,2024-10-28,"No Detection","no",0,7,0,"no","no"
"1028","Utility5","H5",34,2024-10-31,"No Detection","no",0,7,0,"no","no"
"1029","Utility5","H5",35,2024-10-21,"No Detection","no",0,7,0,"no","no"
"1030","Utility5","H5",35,2024-10-24,"No Detection","no",0,7,0,"no","no"
"1031","Utility5","H5",36,2024-10-17,"No Detection","no",0,7,0,"no","no"
"1032","Utility5","H5",37,2024-10-08,"No Detection","no",0,6,0,"no","no"
"1033","Utility5","H5",37,2024-10-10,"No Detection","no",0,6,0,"no","no"
"1034","Utility5","H5",38,2024-09-30,"No Detection","no",0,4,0,"no","no"
"1035","Utility5","H5",38,2024-10-03,"No Detection","no",0,4,0,"no","no"
"1036","Utility5","H5",39,2024-09-23,"No Detection","no",0,2,0,"no","no"
"1037","Utility5","H5",39,2024-09-26,"No Detection","no",0,2,0,"no","no"
"1038","Utility5","H5",45,2024-08-12,"No Detection","no",0,6,0,"no","no"
"1039","Utility5","H5",45,2024-08-15,"No Detection","no",0,6,0,"no","no"
"1040","Utility5","H5",46,2024-08-05,"No Detection","no",0,6,0,"no","no"
"1041","Utility5","H5",46,2024-08-08,"No Detection","no",0,6,0,"no","no"
"1042","Utility5","H5",47,2024-08-01,"No Detection","no",0,5,0,"no","no"
"1043","Utility5","H5",48,2024-07-25,"No Detection","no",0,4,0,"no","no"
"1044","Utility5","H5",49,2024-07-15,"No Detection","no",0,3,0,"no","no"
"1045","Utility5","H5",49,2024-07-18,"No Detection","no",0,3,0,"no","no"
"1046","Utility5","H5",50,2024-07-11,"No Detection","no",0,1,0,"no","no"
"1047","Utility5","PanRSV",30,2024-11-25,"No Detection","yes",1,6,16.6666666666667,"no","yes"
"1048","Utility5","PanRSV",31,2024-11-18,"No Detection","yes",1,7,14.2857142857143,"no","yes"
"1049","Utility5","PanRSV",31,2024-11-21,"Detection","yes",1,7,14.2857142857143,"no","yes"
"1050","Utility5","PanRSV",32,2024-11-12,"No Detection","no",0,7,0,"no","no"
"1051","Utility5","PanRSV",32,2024-11-14,"No Detection","no",0,7,0,"no","no"
"1052","Utility5","PanRSV",33,2024-11-04,"No Detection","no",1,7,14.2857142857143,"no","yes"
"1053","Utility5","PanRSV",34,2024-10-28,"No Detection","no",1,8,12.5,"no","yes"
"1054","Utility5","PanRSV",34,2024-10-31,"No Detection","no",1,8,12.5,"no","yes"
"1055","Utility5","PanRSV",35,2024-10-21,"No Detection","yes",1,8,12.5,"no","yes"
"1056","Utility5","PanRSV",35,2024-10-24,"No Detection","yes",1,8,12.5,"no","yes"
"1057","Utility5","PanRSV",36,2024-10-14,"Detection","yes",1,8,12.5,"no","yes"
"1058","Utility5","PanRSV",36,2024-10-17,"No Detection","yes",1,8,12.5,"no","yes"
"1059","Utility5","PanRSV",37,2024-10-08,"No Detection","no",0,7,0,"no","no"
"1060","Utility5","PanRSV",37,2024-10-10,"No Detection","no",0,7,0,"no","no"
"1061","Utility5","PanRSV",38,2024-09-30,"No Detection","no",0,6,0,"no","no"
"1062","Utility5","PanRSV",38,2024-10-03,"No Detection","no",0,6,0,"no","no"
"1063","Utility5","PanRSV",39,2024-09-23,"No Detection","no",0,5,0,"no","no"
"1064","Utility5","PanRSV",39,2024-09-26,"No Detection","no",0,5,0,"no","no"
"1065","Utility5","PanRSV",40,2024-09-16,"No Detection","no",0,5,0,"no","no"
"1066","Utility5","PanRSV",41,2024-09-09,"No Detection","no",0,6,0,"no","no"
"1067","Utility5","PanRSV",42,2024-09-03,"No Detection","no",0,7,0,"no","no"
"1068","Utility5","PanRSV",43,2024-08-26,"No Detection","no",1,8,12.5,"no","yes"
"1069","Utility5","PanRSV",43,2024-08-29,"No Detection","no",1,8,12.5,"no","yes"
"1070","Utility5","PanRSV",44,2024-08-19,"No Detection","no",1,8,12.5,"no","yes"
"1071","Utility5","PanRSV",44,2024-08-22,"No Detection","no",1,8,12.5,"no","yes"
"1072","Utility5","PanRSV",45,2024-08-12,"No Detection","yes",1,8,12.5,"no","yes"
"1073","Utility5","PanRSV",45,2024-08-15,"No Detection","yes",1,8,12.5,"no","yes"
"1074","Utility5","PanRSV",46,2024-08-05,"Detection","yes",1,8,12.5,"no","yes"
"1075","Utility5","PanRSV",46,2024-08-08,"No Detection","yes",1,8,12.5,"no","yes"
"1076","Utility5","PanRSV",47,2024-07-29,"No Detection","no",0,8,0,"no","no"
"1077","Utility5","PanRSV",47,2024-08-01,"No Detection","no",0,8,0,"no","no"
"1078","Utility5","PanRSV",48,2024-07-22,"No Detection","no",0,7,0,"no","no"
"1079","Utility5","PanRSV",48,2024-07-25,"No Detection","no",0,7,0,"no","no"
"1080","Utility5","PanRSV",49,2024-07-15,"No Detection","no",1,6,16.6666666666667,"no","yes"
"1081","Utility5","PanRSV",49,2024-07-18,"No Detection","no",1,6,16.6666666666667,"no","yes"
"1082","Utility5","PanRSV",50,2024-07-08,"No Detection","no",1,4,25,"no","yes"
"1083","Utility5","PanRSV",50,2024-07-11,"No Detection","no",1,4,25,"no","yes"
"1084","Utility5","PanRSV",51,2024-07-01,"No Detection","yes",1,2,50,"no","yes"
"1085","Utility5","PanRSV",52,2024-06-27,"Detection","yes",1,1,100,"yes","no"
"1086","Utility5","sars-cov-2",30,2024-11-25,"No Detection","yes",3,6,50,"no","yes"
"1087","Utility5","sars-cov-2",31,2024-11-18,"No Detection","yes",4,7,57.1428571428571,"no","yes"
"1088","Utility5","sars-cov-2",31,2024-11-21,"Detection","yes",4,7,57.1428571428571,"no","yes"
"1089","Utility5","sars-cov-2",32,2024-11-12,"Detection","yes",5,7,71.4285714285714,"no","yes"
"1090","Utility5","sars-cov-2",32,2024-11-14,"No Detection","yes",5,7,71.4285714285714,"no","yes"
"1091","Utility5","sars-cov-2",33,2024-11-04,"Detection","yes",6,7,85.7142857142857,"yes","no"
"1092","Utility5","sars-cov-2",34,2024-10-28,"No Detection","yes",7,8,87.5,"yes","no"
"1093","Utility5","sars-cov-2",34,2024-10-31,"Detection","yes",7,8,87.5,"yes","no"
"1094","Utility5","sars-cov-2",35,2024-10-21,"Detection","yes",8,8,100,"yes","no"
"1095","Utility5","sars-cov-2",35,2024-10-24,"Detection","yes",8,8,100,"yes","no"
"1096","Utility5","sars-cov-2",36,2024-10-14,"Detection","yes",8,8,100,"yes","no"
"1097","Utility5","sars-cov-2",36,2024-10-17,"Detection","yes",8,8,100,"yes","no"
"1098","Utility5","sars-cov-2",37,2024-10-08,"Detection","yes",7,7,100,"yes","no"
"1099","Utility5","sars-cov-2",37,2024-10-10,"Detection","yes",7,7,100,"yes","no"
"1100","Utility5","sars-cov-2",38,2024-09-30,"Detection","yes",6,6,100,"yes","no"
"1101","Utility5","sars-cov-2",38,2024-10-03,"Detection","yes",6,6,100,"yes","no"
"1102","Utility5","sars-cov-2",39,2024-09-23,"Detection","yes",5,5,100,"yes","no"
"1103","Utility5","sars-cov-2",39,2024-09-26,"Detection","yes",5,5,100,"yes","no"
"1104","Utility5","sars-cov-2",40,2024-09-16,"Detection","yes",5,5,100,"yes","no"
"1105","Utility5","sars-cov-2",41,2024-09-09,"Detection","yes",6,6,100,"yes","no"
"1106","Utility5","sars-cov-2",42,2024-09-03,"Detection","yes",7,7,100,"yes","no"
"1107","Utility5","sars-cov-2",43,2024-08-26,"Detection","yes",8,8,100,"yes","no"
"1108","Utility5","sars-cov-2",43,2024-08-29,"Detection","yes",8,8,100,"yes","no"
"1109","Utility5","sars-cov-2",44,2024-08-19,"Detection","yes",8,8,100,"yes","no"
"1110","Utility5","sars-cov-2",44,2024-08-22,"Detection","yes",8,8,100,"yes","no"
"1111","Utility5","sars-cov-2",45,2024-08-12,"Detection","yes",8,8,100,"yes","no"
"1112","Utility5","sars-cov-2",45,2024-08-15,"Detection","yes",8,8,100,"yes","no"
"1113","Utility5","sars-cov-2",46,2024-08-05,"Detection","yes",8,8,100,"yes","no"
"1114","Utility5","sars-cov-2",46,2024-08-08,"Detection","yes",8,8,100,"yes","no"
"1115","Utility5","sars-cov-2",47,2024-07-29,"Detection","yes",7,8,87.5,"yes","no"
"1116","Utility5","sars-cov-2",47,2024-08-01,"Detection","yes",7,8,87.5,"yes","no"
"1117","Utility5","sars-cov-2",48,2024-07-22,"Detection","yes",6,7,85.7142857142857,"yes","no"
"1118","Utility5","sars-cov-2",48,2024-07-25,"Detection","yes",6,7,85.7142857142857,"yes","no"
"1119","Utility5","sars-cov-2",49,2024-07-15,"Detection","yes",5,6,83.3333333333333,"yes","no"
"1120","Utility5","sars-cov-2",49,2024-07-18,"Detection","yes",5,6,83.3333333333333,"yes","no"
"1121","Utility5","sars-cov-2",50,2024-07-08,"No Detection","yes",3,4,75,"no","yes"
"1122","Utility5","sars-cov-2",50,2024-07-11,"Detection","yes",3,4,75,"no","yes"
"1123","Utility5","sars-cov-2",51,2024-07-01,"Detection","yes",2,2,100,"yes","no"
"1124","Utility5","sars-cov-2",52,2024-06-27,"Detection","yes",1,1,100,"yes","no"
