utility,measure_date,sars,new_cases_utility,new_hosp_utility,county_names,population_served,capacity_mgd,lpha1,lpha2,lpha3,pcr_target,activation_start,activation_end,public_repository,Surv_System,participation_status,classification,slope,p_val
Utility1,2024-06-27,7105453,NA,NA,County1,18838,2.775,First County,NA,NA,sars-cov-2,2022-02-24,NA,Publish,SSS,Active,NA,NA,NA
Utility1,2024-07-01,3892158,NA,NA,County1,18838,2.775,First County,NA,NA,sars-cov-2,2022-02-24,NA,Publish,SSS,Active,NA,-0.015675138457317012,NA
Utility1,2024-07-08,600,NA,NA,County1,18838,2.775,First County,NA,NA,sars-cov-2,2022-02-24,NA,Publish,SSS,Active,Decreasing,-0.013960697709644752,0.04506181694567728
Utility1,2024-07-11,1025624,NA,NA,County1,18838,2.775,First County,NA,NA,sars-cov-2,2022-02-24,NA,Publish,SSS,Active,Decreasing,-0.01297222811591645,0.0030855445050616158
Utility1,2024-07-15,3740888,NA,NA,County1,18838,2.775,First County,NA,NA,sars-cov-2,2022-02-24,NA,Publish,SSS,Active,Decreasing,-0.009728811588222811,0.014806785394516348
Utility1,2024-07-18,5203902,NA,NA,County1,18838,2.775,First County,NA,NA,sars-cov-2,2022-02-24,NA,Publish,SSS,Active,Plateau,-0.006128735106539708,0.06510043200062002
Utility1,2024-07-29,6432764,NA,NA,County1,18838,2.775,First County,NA,NA,sars-cov-2,2022-02-24,NA,Publish,SSS,Active,Plateau,7.93306151278623e-4,0.7036505836488393
Utility1,2024-08-01,1574739,NA,NA,County1,18838,2.775,First County,NA,NA,sars-cov-2,2022-02-24,NA,Publish,SSS,Active,Plateau,-0.0012215502856451224,0.710394086232923
Utility1,2024-08-05,3075596,NA,NA,County1,18838,2.775,First County,NA,NA,sars-cov-2,2022-02-24,NA,Publish,SSS,Active,Plateau,-0.005000538950492449,0.1608298867792209
Utility1,2024-08-08,5550363,NA,NA,County1,18838,2.775,First County,NA,NA,sars-cov-2,2022-02-24,NA,Publish,SSS,Active,Plateau,-0.005563842523551528,0.10567745733197745
Utility1,2024-08-12,3846328,NA,NA,County1,18838,2.775,First County,NA,NA,sars-cov-2,2022-02-24,NA,Publish,SSS,Active,Plateau,-0.004085284830056702,0.1907795708056648
Utility1,2024-08-15,3912606,NA,NA,County1,18838,2.775,First County,NA,NA,sars-cov-2,2022-02-24,NA,Publish,SSS,Active,Plateau,-0.0038836212448586506,0.07130383306857871
Utility1,2024-08-19,4882987,NA,NA,County1,18838,2.775,First County,NA,NA,sars-cov-2,2022-02-24,NA,Publish,SSS,Active,Decreasing,-0.004355166905933365,0.013166002289419707
Utility1,2024-08-22,1523311,NA,NA,County1,18838,2.775,First County,NA,NA,sars-cov-2,2022-02-24,NA,Publish,SSS,Active,Decreasing,-0.00562529819199445,0.023868912482101302
Utility1,2024-08-26,2123655,NA,NA,County1,18838,2.775,First County,NA,NA,sars-cov-2,2022-02-24,NA,Publish,SSS,Active,Decreasing,-0.0079287676312257,0.004046211232587731
Utility1,2024-08-29,4719485,NA,NA,County1,18838,2.775,First County,NA,NA,sars-cov-2,2022-02-24,NA,Publish,SSS,Active,Decreasing,-0.008343691198999467,0.001886387564302892
Utility1,2024-09-03,2342599,NA,NA,County1,18838,2.775,First County,NA,NA,sars-cov-2,2022-02-24,NA,Publish,SSS,Active,Decreasing,-0.007378114877262786,0.023780958863014873
Utility1,2024-09-09,2014306,NA,NA,County1,18838,2.775,First County,NA,NA,sars-cov-2,2022-02-24,NA,Publish,SSS,Active,Plateau,-0.004724069947091412,0.06832348089843537
Utility1,2024-09-12,600,NA,NA,County1,18838,2.775,First County,NA,NA,sars-cov-2,2022-02-24,NA,Publish,SSS,Active,Plateau,5.546101770219836e-4,0.738856605565039
Utility1,2024-09-16,3721322,NA,NA,County1,18838,2.775,First County,NA,NA,sars-cov-2,2022-02-24,NA,Publish,SSS,Active,Plateau,0.003914898503381917,0.14079908419264683
Utility1,2024-09-23,4288204,NA,NA,County1,18838,2.775,First County,NA,NA,sars-cov-2,2022-02-24,NA,Publish,SSS,Active,Increasing,0.010277970742195632,0.0059694872628649415
Utility1,2024-09-26,3688552,NA,NA,County1,18838,2.775,First County,NA,NA,sars-cov-2,2022-02-24,NA,Publish,SSS,Active,Increasing,0.010846739468488218,0.0026204303050255534
Utility1,2024-09-30,5646713,NA,NA,County1,18838,2.775,First County,NA,NA,sars-cov-2,2022-02-24,NA,Publish,SSS,Active,Increasing,0.010830393794492351,1.4264376023217333e-4
Utility1,2024-10-03,5758746,NA,NA,County1,18838,2.775,First County,NA,NA,sars-cov-2,2022-02-24,NA,Publish,SSS,Active,Increasing,0.007854560066687643,0.0036505889102658694
Utility1,2024-10-14,4134539,NA,NA,County1,18838,2.775,First County,NA,NA,sars-cov-2,2022-02-24,NA,Publish,SSS,Active,Plateau,0.0014393959699510693,0.6483288952616151
Utility1,2024-10-17,1648255,NA,NA,County1,18838,2.775,First County,NA,NA,sars-cov-2,2022-02-24,NA,Publish,SSS,Active,Plateau,-0.005470938806128092,0.20838095025813777
Utility1,2024-10-21,3325758,NA,NA,County1,18838,2.775,First County,NA,NA,sars-cov-2,2022-02-24,NA,Publish,SSS,Active,Decreasing,-0.009529320865657644,0.006229318933184424
Utility1,2024-10-24,5436598,NA,NA,County1,18838,2.775,First County,NA,NA,sars-cov-2,2022-02-24,NA,Publish,SSS,Active,Plateau,-0.00640205691022436,0.08567745430057201
Utility1,2024-10-28,1951953,NA,NA,County1,18838,2.775,First County,NA,NA,sars-cov-2,2022-02-24,NA,Publish,SSS,Active,Plateau,-0.003933000857099171,0.14653639562389964
Utility1,2024-10-31,5457010,NA,NA,County1,18838,2.775,First County,NA,NA,sars-cov-2,2022-02-24,NA,Publish,SSS,Active,Plateau,-0.0029856724974617124,0.10513946924154256
Utility1,2024-11-04,514232,NA,NA,County1,18838,2.775,First County,NA,NA,sars-cov-2,2022-02-24,NA,Publish,SSS,Active,Decreasing,-0.003138218013517993,0.027123852325350098
Utility1,2024-11-07,6532530,NA,NA,County1,18838,2.775,First County,NA,NA,sars-cov-2,2022-02-24,NA,Publish,SSS,Active,Plateau,-0.0015472285759688242,0.06704272631394746
Utility1,2024-11-12,3877039,NA,NA,County1,18838,2.775,First County,NA,NA,sars-cov-2,2022-02-24,NA,Publish,SSS,Active,Decreasing,-0.0037683645058005193,0.024386791005501004
Utility1,2024-11-14,1347870,NA,NA,County1,18838,2.775,First County,NA,NA,sars-cov-2,2022-02-24,NA,Publish,SSS,Active,Decreasing,-0.00621393067312089,0.01164919322910976
Utility1,2024-11-18,600,NA,NA,County1,18838,2.775,First County,NA,NA,sars-cov-2,2022-02-24,NA,Publish,SSS,Active,Decreasing,-0.007677400656605763,0.0056800398342334866
Utility1,2024-11-21,600,NA,NA,County1,18838,2.775,First County,NA,NA,sars-cov-2,2022-02-24,NA,Publish,SSS,Active,Decreasing,-0.00884667034565428,0.001126694245142042
Utility1,2024-11-25,600,NA,NA,County1,18838,2.775,First County,NA,NA,sars-cov-2,2022-02-24,NA,Publish,SSS,Active,Decreasing,-0.007985667573747465,0.003646201042501941
Utility1,2024-12-02,2492436,NA,NA,County1,18838,2.775,First County,NA,NA,sars-cov-2,2022-02-24,NA,Publish,SSS,Active,Plateau,-0.003566477971293786,0.18351534756480345
Utility1,2024-12-05,663343,NA,NA,County1,18838,2.775,First County,NA,NA,sars-cov-2,2022-02-24,NA,Publish,SSS,Active,Plateau,0.001024034023818664,0.31609377716208514
Utility1,2024-12-09,31864,NA,NA,County1,18838,2.775,First County,NA,NA,sars-cov-2,2022-02-24,NA,Publish,SSS,Active,Increasing,0.004706180665891362,0.03517951988322363
Utility1,2024-12-12,5679568,NA,NA,County1,18838,2.775,First County,NA,NA,sars-cov-2,2022-02-24,NA,Publish,SSS,Active,Increasing,0.009559446773911812,0.011165950090121326
Utility1,2024-12-16,4737100,NA,NA,County1,18838,2.775,First County,NA,NA,sars-cov-2,2022-02-24,NA,Publish,SSS,Active,Increasing,0.012768653650010163,0.0015555751136322145
Utility1,2024-12-19,7293447,NA,NA,County1,18838,2.775,First County,NA,NA,sars-cov-2,2022-02-24,NA,Publish,SSS,Active,Increasing,0.013173139255861216,9.528813065486176e-4
Utility1,2024-12-26,4949749,NA,NA,County1,18838,2.775,First County,NA,NA,sars-cov-2,2022-02-24,NA,Publish,SSS,Active,Plateau,0.008685820802311133,0.06446068420785377
Utility1,2024-12-30,1436009,NA,NA,County1,18838,2.775,First County,NA,NA,sars-cov-2,2022-02-24,NA,Publish,SSS,Active,Plateau,-0.0011394217287442618,0.8164490793979243
Utility1,2025-01-02,414315,NA,NA,County1,18838,2.775,First County,NA,NA,sars-cov-2,2022-02-24,NA,Publish,SSS,Active,Decreasing,-0.009773163187395361,0.04266403045093626
Utility1,2025-01-06,675125,NA,NA,County1,18838,2.775,First County,NA,NA,sars-cov-2,2022-02-24,NA,Publish,SSS,Active,Decreasing,-0.01269231661788907,0.004033204825273105
Utility1,2025-01-09,6820288,NA,NA,County1,18838,2.775,First County,NA,NA,sars-cov-2,2022-02-24,NA,Publish,SSS,Active,Plateau,-0.009084626429473311,0.0695286211758779
Utility1,2025-01-13,1796853,NA,NA,County1,18838,2.775,First County,NA,NA,sars-cov-2,2022-02-24,NA,Publish,SSS,Active,Plateau,-0.003475668093465517,0.34620566529626756
Utility1,2025-01-16,6419753,NA,NA,County1,18838,2.775,First County,NA,NA,sars-cov-2,2022-02-24,NA,Publish,SSS,Active,Plateau,-0.0013078232499651498,0.6390909436332037
Utility1,2025-01-21,6023581,NA,NA,County1,18838,2.775,First County,NA,NA,sars-cov-2,2022-02-24,NA,Publish,SSS,Active,Increasing,0.003925405300514604,0.03631592728289967
Utility1,2025-01-23,1626174,NA,NA,County1,18838,2.775,First County,NA,NA,sars-cov-2,2022-02-24,NA,Publish,SSS,Active,Plateau,9.91164063245701e-4,0.6270936441759789
Utility1,2025-01-27,1905034,NA,NA,County1,18838,2.775,First County,NA,NA,sars-cov-2,2022-02-24,NA,Publish,SSS,Active,Plateau,-0.001880394665540839,0.3969906751795724
Utility1,2025-01-30,2957956,NA,NA,County1,18838,2.775,First County,NA,NA,sars-cov-2,2022-02-24,NA,Publish,SSS,Active,Decreasing,-0.00400727354150375,0.035442441654657465
Utility1,2025-02-06,578786,NA,NA,County1,18838,2.775,First County,NA,NA,sars-cov-2,2022-02-24,NA,Publish,SSS,Active,Decreasing,-0.005633528456551618,0.024646675169106264
Utility1,2025-02-10,382555,NA,NA,County1,18838,2.775,First County,NA,NA,sars-cov-2,2022-02-24,NA,Publish,SSS,Active,Plateau,-0.0025872279979168274,0.23572930078925497
Utility1,2025-02-13,436455,NA,NA,County1,18838,2.775,First County,NA,NA,sars-cov-2,2022-02-24,NA,Publish,SSS,Active,Plateau,0.003128513387051224,0.1360009308144392
Utility1,2025-02-18,3880909,NA,NA,County1,18838,2.775,First County,NA,NA,sars-cov-2,2022-02-24,NA,Publish,SSS,Active,Plateau,0.012292045529209218,0.05444078641059231
Utility1,2025-02-20,1624805,NA,NA,County1,18838,2.775,First County,NA,NA,sars-cov-2,2022-02-24,NA,Publish,SSS,Active,Increasing,0.015148146437550036,0.008073486335975271
Utility1,2025-02-24,6357898,NA,NA,County1,18838,2.775,First County,NA,NA,sars-cov-2,2022-02-24,NA,Publish,SSS,Active,Increasing,0.022230877943453464,5.020465830679652e-4
Utility1,2025-02-27,5773204,NA,NA,County1,18838,2.775,First County,NA,NA,sars-cov-2,2022-02-24,NA,Publish,SSS,Active,Increasing,0.022925884883087222,2.7948559460400188e-5
Utility1,2025-03-03,7344232,NA,NA,County1,18838,2.775,First County,NA,NA,sars-cov-2,2022-02-24,NA,Publish,SSS,Active,Increasing,0.023848540406311996,4.4827080362373e-6
Utility1,2025-03-06,7064223,NA,NA,County1,18838,2.775,First County,NA,NA,sars-cov-2,2022-02-24,NA,Publish,SSS,Active,Increasing,0.02107249367852166,1.6275269872714857e-4
Utility1,2025-03-10,2198439,NA,NA,County1,18838,2.775,First County,NA,NA,sars-cov-2,2022-02-24,NA,Publish,SSS,Active,Increasing,0.014709734070750139,0.004980808856429399
Utility1,2025-03-13,6710856,NA,NA,County1,18838,2.775,First County,NA,NA,sars-cov-2,2022-02-24,NA,Publish,SSS,Active,Increasing,0.00985813972916687,0.01941872695227856
Utility1,2025-03-17,3704138,NA,NA,County1,18838,2.775,First County,NA,NA,sars-cov-2,2022-02-24,NA,Publish,SSS,Active,Plateau,0.004052585057567303,0.08310680746890836
Utility1,2025-03-20,5669935,NA,NA,County1,18838,2.775,First County,NA,NA,sars-cov-2,2022-02-24,NA,Publish,SSS,Active,Plateau,0.0013452561542974212,0.24990746535264607
Utility1,2025-03-24,2542147,NA,NA,County1,18838,2.775,First County,NA,NA,sars-cov-2,2022-02-24,NA,Publish,SSS,Active,Plateau,-1.1772296583348985e-4,0.8814331467336067
Utility1,2025-03-27,7274888,NA,NA,County1,18838,2.775,First County,NA,NA,sars-cov-2,2022-02-24,NA,Publish,SSS,Active,Plateau,0.0016129533047045455,0.26025142813558577
Utility1,2025-03-31,5787531,NA,NA,County1,18838,2.775,First County,NA,NA,sars-cov-2,2022-02-24,NA,Publish,SSS,Active,Increasing,0.003370514689500875,0.025812453758150306
Utility1,2025-04-03,4114621,NA,NA,County1,18838,2.775,First County,NA,NA,sars-cov-2,2022-02-24,NA,Publish,SSS,Active,Plateau,0.0026586494806246285,0.06784909313547313
Utility1,2025-04-07,5730481,NA,NA,County1,18838,2.775,First County,NA,NA,sars-cov-2,2022-02-24,NA,Publish,SSS,Active,Increasing,0.002923527350031653,0.0420552486462531
Utility1,2025-04-10,3436083,NA,NA,County1,18838,2.775,First County,NA,NA,sars-cov-2,2022-02-24,NA,Publish,SSS,Active,Plateau,0.0012259785315209553,0.39747346682733214
Utility1,2025-04-14,7483532,NA,NA,County1,18838,2.775,First County,NA,NA,sars-cov-2,2022-02-24,NA,Publish,SSS,Active,Plateau,0.001293776622160917,0.377311838666257
Utility1,2025-04-17,6405172,NA,NA,County1,18838,2.775,First County,NA,NA,sars-cov-2,2022-02-24,NA,Publish,SSS,Active,Plateau,-1.7600052173621185e-4,0.8468700910243976
Utility1,2025-04-21,6566108,NA,NA,County1,18838,2.775,First County,NA,NA,sars-cov-2,2022-02-24,NA,Publish,SSS,Active,Plateau,-0.001029256370653968,0.38826524135558005
Utility1,2025-04-24,600,NA,NA,County1,18838,2.775,First County,NA,NA,sars-cov-2,2022-02-24,NA,Publish,SSS,Active,Plateau,-0.0030368313879156946,0.13926364886523787
Utility1,2025-04-28,600,NA,NA,County1,18838,2.775,First County,NA,NA,sars-cov-2,2022-02-24,NA,Publish,SSS,Active,Decreasing,-0.0066775003341992085,0.02758958452976268
Utility1,2025-05-01,4867565,NA,NA,County1,18838,2.775,First County,NA,NA,sars-cov-2,2022-02-24,NA,Publish,SSS,Active,Decreasing,-0.009841703521672754,0.0055897890178207435
Utility1,2025-05-05,3205225,NA,NA,County1,18838,2.775,First County,NA,NA,sars-cov-2,2022-02-24,NA,Publish,SSS,Active,Decreasing,-0.0144083229409821,3.294809726854412e-5
Utility1,2025-05-08,1898023,NA,NA,County1,18838,2.775,First County,NA,NA,sars-cov-2,2022-02-24,NA,Publish,SSS,Active,Decreasing,-0.016666954967566133,1.2391449156245954e-6
Utility1,2025-05-12,3721167,NA,NA,County1,18838,2.775,First County,NA,NA,sars-cov-2,2022-02-24,NA,Publish,SSS,Active,Decreasing,-0.015991676598648495,1.1662764125055571e-5
Utility1,2025-05-15,5181044,NA,NA,County1,18838,2.775,First County,NA,NA,sars-cov-2,2022-02-24,NA,Publish,SSS,Active,Decreasing,-0.014153249743065281,1.2272868918657379e-4
Utility1,2025-05-19,600,NA,NA,County1,18838,2.775,First County,NA,NA,sars-cov-2,2022-02-24,NA,Publish,SSS,Active,Decreasing,-0.014311799683608916,1.3274834921713445e-4
Utility1,2025-05-22,488654,NA,NA,County1,18838,2.775,First County,NA,NA,sars-cov-2,2022-02-24,NA,Publish,SSS,Active,Decreasing,-0.015447328845591652,1.9663940514082646e-4
Utility1,2025-05-27,1237268,NA,NA,County1,18838,2.775,First County,NA,NA,sars-cov-2,2022-02-24,NA,Publish,SSS,Active,Decreasing,-0.015649191712247757,0.0019243114600941708
Utility1,2025-05-29,1489726,NA,NA,County1,18838,2.775,First County,NA,NA,sars-cov-2,2022-02-24,NA,Publish,SSS,Active,Decreasing,-0.013285556042153817,0.001297891792522748
Utility1,2025-06-02,4312461,NA,NA,County1,18838,2.775,First County,NA,NA,sars-cov-2,2022-02-24,NA,Publish,SSS,Active,Decreasing,-0.009459235886073192,0.039912357068730114
Utility1,2025-06-05,2920037,NA,NA,County1,18838,2.775,First County,NA,NA,sars-cov-2,2022-02-24,NA,Publish,SSS,Active,Plateau,-0.004164766095410031,0.3117657663031195
Utility1,2025-06-09,3872670,NA,NA,County1,18838,2.775,First County,NA,NA,sars-cov-2,2022-02-24,NA,Publish,SSS,Active,Plateau,0.0018732306874027866,0.46425267091026695
Utility1,2025-06-12,502670,NA,NA,County1,18838,2.775,First County,NA,NA,sars-cov-2,2022-02-24,NA,Publish,SSS,Active,Increasing,0.00405565067543287,0.03144804136954649
Utility1,2025-06-16,3455633,NA,NA,County1,18838,2.775,First County,NA,NA,sars-cov-2,2022-02-24,NA,Publish,SSS,Active,Increasing,0.0037523995878671217,0.04762527666288787
Utility1,2025-06-23,600,NA,NA,County1,18838,2.775,First County,NA,NA,sars-cov-2,2022-02-24,NA,Publish,SSS,Active,Plateau,-1.0775419435530308e-4,0.8699943421631509
Utility1,2025-06-30,6598707,NA,NA,County1,18838,2.775,First County,NA,NA,sars-cov-2,2022-02-24,NA,Publish,SSS,Active,Plateau,5.607395908555488e-4,0.6441498300691675
Utility1,2025-07-07,600,NA,NA,County1,18838,2.775,First County,NA,NA,sars-cov-2,2022-02-24,NA,Publish,SSS,Active,Plateau,-0.0015709661791065699,0.5540279508652323
Utility1,2025-07-10,655366,NA,NA,County1,18838,2.775,First County,NA,NA,sars-cov-2,2022-02-24,NA,Publish,SSS,Active,Plateau,-0.006961135128686457,0.11938535801021369
Utility1,2025-07-14,1232494,NA,NA,County1,18838,2.775,First County,NA,NA,sars-cov-2,2022-02-24,NA,Publish,SSS,Active,Plateau,-0.005106128014933931,0.07163216982913417
Utility1,2025-07-17,3551415,NA,NA,County1,18838,2.775,First County,NA,NA,sars-cov-2,2022-02-24,NA,Publish,SSS,Active,Plateau,-2.5207101311007534e-4,0.9533450331479326
Utility1,2025-07-21,6214108,NA,NA,County1,18838,2.775,First County,NA,NA,sars-cov-2,2022-02-24,NA,Publish,SSS,Active,Plateau,0.0040446983771593665,0.32313704231633733
Utility1,2025-07-24,6880986,NA,NA,County1,18838,2.775,First County,NA,NA,sars-cov-2,2022-02-24,NA,Publish,SSS,Active,Increasing,0.008810340135874544,0.023230917705097456
Utility1,2025-07-28,4992333,NA,NA,County1,18838,2.775,First County,NA,NA,sars-cov-2,2022-02-24,NA,Publish,SSS,Active,Increasing,0.006976014947053229,0.018790619206610255
Utility1,2025-07-31,6407431,NA,NA,County1,18838,2.775,First County,NA,NA,sars-cov-2,2022-02-24,NA,Publish,SSS,Active,Plateau,0.004610875725835462,0.18527099506700132
Utility1,2025-08-04,1143638,NA,NA,County1,18838,2.775,First County,NA,NA,sars-cov-2,2022-02-24,NA,Publish,SSS,Active,Plateau,-0.0029956885613029783,0.5087366135422334
Utility1,2025-08-07,176303,NA,NA,County1,18838,2.775,First County,NA,NA,sars-cov-2,2022-02-24,NA,Publish,SSS,Active,Decreasing,-0.010940389121460309,0.02390618718486367
Utility1,2025-08-11,2210422,NA,NA,County1,18838,2.775,First County,NA,NA,sars-cov-2,2022-02-24,NA,Publish,SSS,Active,Decreasing,-0.01580555332806523,3.668898690978322e-4
Utility1,2025-08-14,4090379,NA,NA,County1,18838,2.775,First County,NA,NA,sars-cov-2,2022-02-24,NA,Publish,SSS,Active,Decreasing,-0.01639194831051489,1.50753243482585e-4
Utility1,2025-08-18,1701942,NA,NA,County1,18838,2.775,First County,NA,NA,sars-cov-2,2022-02-24,NA,Publish,SSS,Active,Decreasing,-0.015326234462127827,3.041069141564493e-4
Utility1,2025-08-21,6805210,NA,NA,County1,18838,2.775,First County,NA,NA,sars-cov-2,2022-02-24,NA,Publish,SSS,Active,Decreasing,-0.012471983396853754,5.118154402592795e-4
Utility1,2025-08-25,669841,NA,NA,County1,18838,2.775,First County,NA,NA,sars-cov-2,2022-02-24,NA,Publish,SSS,Active,Decreasing,-0.011333419213575292,8.3884080875351255e-05
Utility1,2025-08-28,3706225,NA,NA,County1,18838,2.775,First County,NA,NA,sars-cov-2,2022-02-24,NA,Publish,SSS,Active,Decreasing,-0.011666012466516572,8.251182594868818e-5
Utility1,2025-09-02,775361,NA,NA,County1,18838,2.775,First County,NA,NA,sars-cov-2,2022-02-24,NA,Publish,SSS,Active,Decreasing,-0.014230677270516197,1.3667484585680554e-4
Utility2,2024-06-27,58375,NA,NA,County2,89838,14.32,Second County,NA,NA,sars-cov-2,2020-08-13,NA,Publish,SSS,Active,NA,NA,NA
Utility2,2024-07-01,657648,NA,NA,County2,89838,14.32,Second County,NA,NA,sars-cov-2,2020-08-13,NA,Publish,SSS,Active,NA,0.043046622515892696,NA
Utility2,2024-07-08,600,NA,NA,County2,89838,14.32,Second County,NA,NA,sars-cov-2,2020-08-13,NA,Publish,SSS,Active,Increasing,0.04656014824994409,0.027718754797338492
Utility2,2024-07-11,2231163,NA,NA,County2,89838,14.32,Second County,NA,NA,sars-cov-2,2020-08-13,NA,Publish,SSS,Active,Increasing,0.048742086525268034,0.0010128339279015658
Utility2,2024-07-15,2198951,NA,NA,County2,89838,14.32,Second County,NA,NA,sars-cov-2,2020-08-13,NA,Publish,SSS,Active,Increasing,0.045668960313877155,1.8062228751263067e-4
Utility2,2024-07-18,1003576,NA,NA,County2,89838,14.32,Second County,NA,NA,sars-cov-2,2020-08-13,NA,Publish,SSS,Active,Increasing,0.0406471178927886,2.1535629149957092e-4
Utility2,2024-07-22,623986,NA,NA,County2,89838,14.32,Second County,NA,NA,sars-cov-2,2020-08-13,NA,Publish,SSS,Active,Increasing,0.03535707991139648,5.083642630428107e-4
Utility2,2024-07-25,2223241,NA,NA,County2,89838,14.32,Second County,NA,NA,sars-cov-2,2020-08-13,NA,Publish,SSS,Active,Increasing,0.03304712531076064,2.2836996608246475e-4
Utility2,2024-07-29,1198170,NA,NA,County2,89838,14.32,Second County,NA,NA,sars-cov-2,2020-08-13,NA,Publish,SSS,Active,Increasing,0.03453074271703341,1.3252312174609403e-5
Utility2,2024-08-01,4343072,NA,NA,County2,89838,14.32,Second County,NA,NA,sars-cov-2,2020-08-13,NA,Publish,SSS,Active,Increasing,0.03648505854045135,3.747263961258941e-5
Utility2,2024-08-05,5534993,NA,NA,County2,89838,14.32,Second County,NA,NA,sars-cov-2,2020-08-13,NA,Publish,SSS,Active,Increasing,0.040409186569645233,1.2204854942970594e-5
Utility2,2024-08-08,5119337,NA,NA,County2,89838,14.32,Second County,NA,NA,sars-cov-2,2020-08-13,NA,Publish,SSS,Active,Increasing,0.041254832606432694,4.068424885110376e-6
Utility2,2024-08-12,4454275,NA,NA,County2,89838,14.32,Second County,NA,NA,sars-cov-2,2020-08-13,NA,Publish,SSS,Active,Increasing,0.03561645731291955,2.9388556029626253e-4
Utility2,2024-08-15,21920,NA,NA,County2,89838,14.32,Second County,NA,NA,sars-cov-2,2020-08-13,NA,Publish,SSS,Active,Increasing,0.024616914786065557,0.0067564485980721725
Utility2,2024-08-19,699657,NA,NA,County2,89838,14.32,Second County,NA,NA,sars-cov-2,2020-08-13,NA,Publish,SSS,Active,Plateau,0.013039420929545218,0.07487690065339166
Utility2,2024-08-22,4695719,NA,NA,County2,89838,14.32,Second County,NA,NA,sars-cov-2,2020-08-13,NA,Publish,SSS,Active,Plateau,0.0033189597136380365,0.4082401130362025
Utility2,2024-08-26,368306,NA,NA,County2,89838,14.32,Second County,NA,NA,sars-cov-2,2020-08-13,NA,Publish,SSS,Active,Plateau,-0.003447701615962786,0.1035283155731604
Utility2,2024-08-29,1605819,NA,NA,County2,89838,14.32,Second County,NA,NA,sars-cov-2,2020-08-13,NA,Publish,SSS,Active,Decreasing,-0.005616585873238525,0.0017079044045159649
Utility2,2024-09-03,2353657,NA,NA,County2,89838,14.32,Second County,NA,NA,sars-cov-2,2020-08-13,NA,Publish,SSS,Active,Plateau,-0.00155770356784155,0.43876551421359133
Utility2,2024-09-09,3848836,NA,NA,County2,89838,14.32,Second County,NA,NA,sars-cov-2,2020-08-13,NA,Publish,SSS,Active,Plateau,0.003921929743995461,0.2433256883574308
Utility2,2024-09-12,3003615,NA,NA,County2,89838,14.32,Second County,NA,NA,sars-cov-2,2020-08-13,NA,Publish,SSS,Active,Plateau,0.006771251272382846,0.07279685699458215
Utility2,2024-09-16,934309,NA,NA,County2,89838,14.32,Second County,NA,NA,sars-cov-2,2020-08-13,NA,Publish,SSS,Active,Increasing,0.009704503371404685,0.0035843350089005523
Utility2,2024-09-23,6093588,NA,NA,County2,89838,14.32,Second County,NA,NA,sars-cov-2,2020-08-13,NA,Publish,SSS,Active,Increasing,0.010638821935276875,0.01616547267679227
Utility2,2024-09-26,4438577,NA,NA,County2,89838,14.32,Second County,NA,NA,sars-cov-2,2020-08-13,NA,Publish,SSS,Active,Increasing,0.008993975709179005,0.018616310634113075
Utility2,2024-09-30,1224643,NA,NA,County2,89838,14.32,Second County,NA,NA,sars-cov-2,2020-08-13,NA,Publish,SSS,Active,Increasing,0.006110605860852207,0.04304842665006136
Utility2,2024-10-03,4406388,NA,NA,County2,89838,14.32,Second County,NA,NA,sars-cov-2,2020-08-13,NA,Publish,SSS,Active,Plateau,0.004801721117843701,0.09834640445099103
Utility2,2024-10-08,5258952,NA,NA,County2,89838,14.32,Second County,NA,NA,sars-cov-2,2020-08-13,NA,Publish,SSS,Active,Plateau,-0.0020898511106827926,0.22430207456298537
Utility2,2024-10-10,623163,NA,NA,County2,89838,14.32,Second County,NA,NA,sars-cov-2,2020-08-13,NA,Publish,SSS,Active,Plateau,-0.005544821070188787,0.06428234365612887
Utility2,2024-10-14,563602,NA,NA,County2,89838,14.32,Second County,NA,NA,sars-cov-2,2020-08-13,NA,Publish,SSS,Active,Decreasing,-0.007357409443985113,0.010954816280961734
Utility2,2024-10-17,3105267,NA,NA,County2,89838,14.32,Second County,NA,NA,sars-cov-2,2020-08-13,NA,Publish,SSS,Active,Decreasing,-0.00791998549300406,0.005638034303229133
Utility2,2024-10-21,2449563,NA,NA,County2,89838,14.32,Second County,NA,NA,sars-cov-2,2020-08-13,NA,Publish,SSS,Active,Decreasing,-0.006933616123431401,0.014070491958972496
Utility2,2024-10-24,600,NA,NA,County2,89838,14.32,Second County,NA,NA,sars-cov-2,2020-08-13,NA,Publish,SSS,Active,Decreasing,-0.0059742957095752945,0.03614125960958029
Utility2,2024-10-28,4681829,NA,NA,County2,89838,14.32,Second County,NA,NA,sars-cov-2,2020-08-13,NA,Publish,SSS,Active,Plateau,-0.0033662003981359233,0.14045052613126646
Utility2,2024-10-31,1420182,NA,NA,County2,89838,14.32,Second County,NA,NA,sars-cov-2,2020-08-13,NA,Publish,SSS,Active,Plateau,-0.0021722380513841716,0.15680482985405758
Utility2,2024-11-04,953564,NA,NA,County2,89838,14.32,Second County,NA,NA,sars-cov-2,2020-08-13,NA,Publish,SSS,Active,Plateau,-0.002905071266077473,0.0920548976151492
Utility2,2024-11-07,3329991,NA,NA,County2,89838,14.32,Second County,NA,NA,sars-cov-2,2020-08-13,NA,Publish,SSS,Active,Plateau,-0.0024024052708206726,0.19939967120696164
Utility2,2024-11-12,1560112,NA,NA,County2,89838,14.32,Second County,NA,NA,sars-cov-2,2020-08-13,NA,Publish,SSS,Active,Plateau,1.6695291769005881e-4,0.9531009924625544
Utility2,2024-11-14,1817277,NA,NA,County2,89838,14.32,Second County,NA,NA,sars-cov-2,2020-08-13,NA,Publish,SSS,Active,Plateau,0.0030644451691085855,0.27845329499550325
Utility2,2024-11-18,5725433,NA,NA,County2,89838,14.32,Second County,NA,NA,sars-cov-2,2020-08-13,NA,Publish,SSS,Active,Increasing,0.009990126053235267,0.028647775687899838
Utility2,2024-11-21,600,NA,NA,County2,89838,14.32,Second County,NA,NA,sars-cov-2,2020-08-13,NA,Publish,SSS,Active,Increasing,0.01648059183584011,7.850359656429779e-4
Utility2,2024-11-25,2624579,NA,NA,County2,89838,14.32,Second County,NA,NA,sars-cov-2,2020-08-13,NA,Publish,SSS,Active,Increasing,0.01965279110290008,7.458118843768207e-5
Utility2,2024-12-02,5324456,NA,NA,County2,89838,14.32,Second County,NA,NA,sars-cov-2,2020-08-13,NA,Publish,SSS,Active,Increasing,0.024201593080905467,3.8259936470873985e-5
Utility2,2024-12-05,5289956,NA,NA,County2,89838,14.32,Second County,NA,NA,sars-cov-2,2020-08-13,NA,Publish,SSS,Active,Increasing,0.02289671206309369,8.810610519876565e-5
Utility2,2024-12-09,5150828,NA,NA,County2,89838,14.32,Second County,NA,NA,sars-cov-2,2020-08-13,NA,Publish,SSS,Active,Increasing,0.01755343812692563,0.0011083547037153787
Utility2,2024-12-12,5099394,NA,NA,County2,89838,14.32,Second County,NA,NA,sars-cov-2,2020-08-13,NA,Publish,SSS,Active,Increasing,0.011678393462731217,0.029804439553636236
Utility2,2024-12-16,600,NA,NA,County2,89838,14.32,Second County,NA,NA,sars-cov-2,2020-08-13,NA,Publish,SSS,Active,Plateau,0.0019378197481884276,0.7022109258857927
Utility2,2024-12-19,2459538,NA,NA,County2,89838,14.32,Second County,NA,NA,sars-cov-2,2020-08-13,NA,Publish,SSS,Active,Plateau,-0.008597166115797195,0.06939041117533334
Utility2,2024-12-26,2609970,NA,NA,County2,89838,14.32,Second County,NA,NA,sars-cov-2,2020-08-13,NA,Publish,SSS,Active,Decreasing,-0.013675571065681957,0.0015796819576249785
Utility2,2024-12-30,6341380,NA,NA,County2,89838,14.32,Second County,NA,NA,sars-cov-2,2020-08-13,NA,Publish,SSS,Active,Decreasing,-0.013074812154330746,0.003250572955321453
Utility2,2025-01-02,4339410,NA,NA,County2,89838,14.32,Second County,NA,NA,sars-cov-2,2020-08-13,NA,Publish,SSS,Active,Decreasing,-0.01171932620908665,0.004912467332221765
Utility2,2025-01-06,1308533,NA,NA,County2,89838,14.32,Second County,NA,NA,sars-cov-2,2020-08-13,NA,Publish,SSS,Active,Decreasing,-0.012791414266960306,0.007924028044397962
Utility2,2025-01-09,865567,NA,NA,County2,89838,14.32,Second County,NA,NA,sars-cov-2,2020-08-13,NA,Publish,SSS,Active,Decreasing,-0.014720928081088158,0.006195518108201301
Utility2,2025-01-13,2753477,NA,NA,County2,89838,14.32,Second County,NA,NA,sars-cov-2,2020-08-13,NA,Publish,SSS,Active,Decreasing,-0.014130837396531076,0.009357632196357275
Utility2,2025-01-16,2583514,NA,NA,County2,89838,14.32,Second County,NA,NA,sars-cov-2,2020-08-13,NA,Publish,SSS,Active,Decreasing,-0.01092526212706992,0.011728339213234159
Utility2,2025-01-21,3259716,NA,NA,County2,89838,14.32,Second County,NA,NA,sars-cov-2,2020-08-13,NA,Publish,SSS,Active,Plateau,-0.0042158025576114954,0.3265321814796344
Utility2,2025-01-23,529002,NA,NA,County2,89838,14.32,Second County,NA,NA,sars-cov-2,2020-08-13,NA,Publish,SSS,Active,Plateau,-0.0035012406612792116,0.2513794727581425
Utility2,2025-01-27,527161,NA,NA,County2,89838,14.32,Second County,NA,NA,sars-cov-2,2020-08-13,NA,Publish,SSS,Active,Plateau,0.0015555964546344215,0.20879753694425607
Utility2,2025-01-30,5362757,NA,NA,County2,89838,14.32,Second County,NA,NA,sars-cov-2,2020-08-13,NA,Publish,SSS,Active,Increasing,0.005616376365687453,0.028403865637376548
Utility2,2025-02-03,2848513,NA,NA,County2,89838,14.32,Second County,NA,NA,sars-cov-2,2020-08-13,NA,Publish,SSS,Active,Increasing,0.007264864787907273,0.01592986435919321
Utility2,2025-02-06,3279679,NA,NA,County2,89838,14.32,Second County,NA,NA,sars-cov-2,2020-08-13,NA,Publish,SSS,Active,Increasing,0.009384023895115057,0.004253594375559125
Utility2,2025-02-10,6420157,NA,NA,County2,89838,14.32,Second County,NA,NA,sars-cov-2,2020-08-13,NA,Publish,SSS,Active,Increasing,0.011559632914045596,6.115026080128317e-4
Utility2,2025-02-13,3846521,NA,NA,County2,89838,14.32,Second County,NA,NA,sars-cov-2,2020-08-13,NA,Publish,SSS,Active,Increasing,0.01093376204611001,0.0017722237572176983
Utility2,2025-02-18,458919,NA,NA,County2,89838,14.32,Second County,NA,NA,sars-cov-2,2020-08-13,NA,Publish,SSS,Active,Plateau,0.002038641341628617,0.5078252431950758
Utility2,2025-02-20,2737755,NA,NA,County2,89838,14.32,Second County,NA,NA,sars-cov-2,2020-08-13,NA,Publish,SSS,Active,Plateau,-2.2079110793452676e-4,0.9295376887020201
Utility2,2025-02-24,3780682,NA,NA,County2,89838,14.32,Second County,NA,NA,sars-cov-2,2020-08-13,NA,Publish,SSS,Active,Plateau,-0.0025113301692129097,0.2682167380526692
Utility2,2025-02-27,290686,NA,NA,County2,89838,14.32,Second County,NA,NA,sars-cov-2,2020-08-13,NA,Publish,SSS,Active,Decreasing,-0.005261349741989001,0.014309683174939148
Utility2,2025-03-03,4754509,NA,NA,County2,89838,14.32,Second County,NA,NA,sars-cov-2,2020-08-13,NA,Publish,SSS,Active,Decreasing,-0.0055236629812447985,0.0088510973661814
Utility2,2025-03-06,2027867,NA,NA,County2,89838,14.32,Second County,NA,NA,sars-cov-2,2020-08-13,NA,Publish,SSS,Active,Decreasing,-0.004558981292976456,0.009565143787246128
Utility2,2025-03-10,600,NA,NA,County2,89838,14.32,Second County,NA,NA,sars-cov-2,2020-08-13,NA,Publish,SSS,Active,Decreasing,-0.0026732253063786516,0.022722891311396865
Utility2,2025-03-13,5487316,NA,NA,County2,89838,14.32,Second County,NA,NA,sars-cov-2,2020-08-13,NA,Publish,SSS,Active,Plateau,-0.001301694302945901,0.30696178478779185
Utility2,2025-03-17,711871,NA,NA,County2,89838,14.32,Second County,NA,NA,sars-cov-2,2020-08-13,NA,Publish,SSS,Active,Plateau,-0.0016803966601852743,0.20991440242750511
Utility2,2025-03-20,3037790,NA,NA,County2,89838,14.32,Second County,NA,NA,sars-cov-2,2020-08-13,NA,Publish,SSS,Active,Plateau,-7.151410775761885e-4,0.5112378813672681
Utility2,2025-03-24,3104035,NA,NA,County2,89838,14.32,Second County,NA,NA,sars-cov-2,2020-08-13,NA,Publish,SSS,Active,Plateau,-8.193474277701959e-4,0.45258419248875015
Utility2,2025-03-27,5059047,NA,NA,County2,89838,14.32,Second County,NA,NA,sars-cov-2,2020-08-13,NA,Publish,SSS,Active,Plateau,1.133679715322182e-4,0.9017844842365689
Utility2,2025-03-31,3131331,NA,NA,County2,89838,14.32,Second County,NA,NA,sars-cov-2,2020-08-13,NA,Publish,SSS,Active,Plateau,-0.002259544180647354,0.10375622494830823
Utility2,2025-04-03,2409840,NA,NA,County2,89838,14.32,Second County,NA,NA,sars-cov-2,2020-08-13,NA,Publish,SSS,Active,Decreasing,-0.0060582805195971545,0.027386441515561737
Utility2,2025-04-07,1230133,NA,NA,County2,89838,14.32,Second County,NA,NA,sars-cov-2,2020-08-13,NA,Publish,SSS,Active,Decreasing,-0.009350536942455865,0.014450957363091939
Utility2,2025-04-10,3232509,NA,NA,County2,89838,14.32,Second County,NA,NA,sars-cov-2,2020-08-13,NA,Publish,SSS,Active,Decreasing,-0.01224022547935046,0.001463207905248918
Utility2,2025-04-14,1431919,NA,NA,County2,89838,14.32,Second County,NA,NA,sars-cov-2,2020-08-13,NA,Publish,SSS,Active,Decreasing,-0.014043274386411652,1.6840584645250124e-4
Utility2,2025-04-17,1922605,NA,NA,County2,89838,14.32,Second County,NA,NA,sars-cov-2,2020-08-13,NA,Publish,SSS,Active,Decreasing,-0.01250311245745561,0.0016622172072371095
Utility2,2025-04-21,2076670,NA,NA,County2,89838,14.32,Second County,NA,NA,sars-cov-2,2020-08-13,NA,Publish,SSS,Active,Plateau,-0.00659963338567718,0.07378597674580338
Utility2,2025-04-24,2536424,NA,NA,County2,89838,14.32,Second County,NA,NA,sars-cov-2,2020-08-13,NA,Publish,SSS,Active,Plateau,0.0011090397144352994,0.7404022949576887
Utility2,2025-04-28,4553763,NA,NA,County2,89838,14.32,Second County,NA,NA,sars-cov-2,2020-08-13,NA,Publish,SSS,Active,Increasing,0.008651578051842863,0.03988197315572334
Utility2,2025-05-01,2379174,NA,NA,County2,89838,14.32,Second County,NA,NA,sars-cov-2,2020-08-13,NA,Publish,SSS,Active,Increasing,0.012930344623853568,0.003111423205902028
Utility2,2025-05-05,5824123,NA,NA,County2,89838,14.32,Second County,NA,NA,sars-cov-2,2020-08-13,NA,Publish,SSS,Active,Increasing,0.01671321473018358,1.6658126878450314e-5
Utility2,2025-05-08,5146728,NA,NA,County2,89838,14.32,Second County,NA,NA,sars-cov-2,2020-08-13,NA,Publish,SSS,Active,Increasing,0.0158510483890718,9.579918963026323e-5
Utility2,2025-05-12,2628588,NA,NA,County2,89838,14.32,Second County,NA,NA,sars-cov-2,2020-08-13,NA,Publish,SSS,Active,Increasing,0.010682937883452537,0.013041558143446572
Utility2,2025-05-15,2513838,NA,NA,County2,89838,14.32,Second County,NA,NA,sars-cov-2,2020-08-13,NA,Publish,SSS,Active,Plateau,0.004183435320784263,0.2419570383926802
Utility2,2025-05-19,5442016,NA,NA,County2,89838,14.32,Second County,NA,NA,sars-cov-2,2020-08-13,NA,Publish,SSS,Active,Plateau,-0.00141415287947291,0.5932672478005913
Utility2,2025-05-22,1062801,NA,NA,County2,89838,14.32,Second County,NA,NA,sars-cov-2,2020-08-13,NA,Publish,SSS,Active,Decreasing,-0.006796037120424348,0.040262693849120595
Utility2,2025-05-27,1483348,NA,NA,County2,89838,14.32,Second County,NA,NA,sars-cov-2,2020-08-13,NA,Publish,SSS,Active,Decreasing,-0.011986399190230477,5.33075881489878e-4
Utility2,2025-05-29,3412929,NA,NA,County2,89838,14.32,Second County,NA,NA,sars-cov-2,2020-08-13,NA,Publish,SSS,Active,Decreasing,-0.008720327255476204,0.008267224414815946
Utility2,2025-06-02,3952660,NA,NA,County2,89838,14.32,Second County,NA,NA,sars-cov-2,2020-08-13,NA,Publish,SSS,Active,Plateau,-0.00481105076937052,0.09990576571649401
Utility2,2025-06-05,1200191,NA,NA,County2,89838,14.32,Second County,NA,NA,sars-cov-2,2020-08-13,NA,Publish,SSS,Active,Plateau,-0.0031919335249352256,0.20915371624811316
Utility2,2025-06-09,920478,NA,NA,County2,89838,14.32,Second County,NA,NA,sars-cov-2,2020-08-13,NA,Publish,SSS,Active,Plateau,-0.001132069376936753,0.598282476227878
Utility2,2025-06-12,1734890,NA,NA,County2,89838,14.32,Second County,NA,NA,sars-cov-2,2020-08-13,NA,Publish,SSS,Active,Plateau,0.00420412559972737,0.08904143705745231
Utility2,2025-06-16,4361590,NA,NA,County2,89838,14.32,Second County,NA,NA,sars-cov-2,2020-08-13,NA,Publish,SSS,Active,Increasing,0.010311427625147232,0.038957218817557655
Utility2,2025-06-23,4072959,NA,NA,County2,89838,14.32,Second County,NA,NA,sars-cov-2,2020-08-13,NA,Publish,SSS,Active,Increasing,0.020697154910011024,0.0150530135949311
Utility2,2025-06-26,3234887,NA,NA,County2,89838,14.32,Second County,NA,NA,sars-cov-2,2020-08-13,NA,Publish,SSS,Active,Increasing,0.027803612646075115,3.868025550805441e-4
Utility2,2025-06-30,4813705,NA,NA,County2,89838,14.32,Second County,NA,NA,sars-cov-2,2020-08-13,NA,Publish,SSS,Active,Increasing,0.029607997538204884,7.702744510680732e-5
Utility2,2025-07-07,690790,NA,NA,County2,89838,14.32,Second County,NA,NA,sars-cov-2,2020-08-13,NA,Publish,SSS,Active,Increasing,0.02203501965148383,5.555503352633566e-4
Utility2,2025-07-10,4955717,NA,NA,County2,89838,14.32,Second County,NA,NA,sars-cov-2,2020-08-13,NA,Publish,SSS,Active,Increasing,0.021641638045684572,4.090640283950882e-4
Utility2,2025-07-14,6522740,NA,NA,County2,89838,14.32,Second County,NA,NA,sars-cov-2,2020-08-13,NA,Publish,SSS,Active,Increasing,0.022049823114834215,1.27971725397474e-5
Utility2,2025-07-17,3874009,NA,NA,County2,89838,14.32,Second County,NA,NA,sars-cov-2,2020-08-13,NA,Publish,SSS,Active,Increasing,0.019968793566367965,2.5568924905148183e-4
Utility2,2025-07-21,5732432,NA,NA,County2,89838,14.32,Second County,NA,NA,sars-cov-2,2020-08-13,NA,Publish,SSS,Active,Increasing,0.01762297843651931,5.251114021556587e-4
Utility2,2025-07-24,6735333,NA,NA,County2,89838,14.32,Second County,NA,NA,sars-cov-2,2020-08-13,NA,Publish,SSS,Active,Increasing,0.01537886760215722,0.0013808955840473474
Utility2,2025-07-28,5721794,NA,NA,County2,89838,14.32,Second County,NA,NA,sars-cov-2,2020-08-13,NA,Publish,SSS,Active,Increasing,0.012946130753145248,0.0012104636624900122
Utility2,2025-07-31,482737,NA,NA,County2,89838,14.32,Second County,NA,NA,sars-cov-2,2020-08-13,NA,Publish,SSS,Active,Increasing,0.007357021497687569,0.013056518418689348
Utility2,2025-08-04,4618422,NA,NA,County2,89838,14.32,Second County,NA,NA,sars-cov-2,2020-08-13,NA,Publish,SSS,Active,Increasing,0.004090233934984858,0.04873813309904741
Utility2,2025-08-07,6444890,NA,NA,County2,89838,14.32,Second County,NA,NA,sars-cov-2,2020-08-13,NA,Publish,SSS,Active,Plateau,0.0027473996182197737,0.11027072107442293
Utility2,2025-08-11,6886371,NA,NA,County2,89838,14.32,Second County,NA,NA,sars-cov-2,2020-08-13,NA,Publish,SSS,Active,Plateau,4.5314082045048407e-4,0.6146883663938487
Utility2,2025-08-14,4948469,NA,NA,County2,89838,14.32,Second County,NA,NA,sars-cov-2,2020-08-13,NA,Publish,SSS,Active,Plateau,-0.0024675787255354405,0.15056007613763744
Utility2,2025-08-18,6446172,NA,NA,County2,89838,14.32,Second County,NA,NA,sars-cov-2,2020-08-13,NA,Publish,SSS,Active,Plateau,-0.005247124386534165,0.053530099822424654
Utility2,2025-08-21,1036838,NA,NA,County2,89838,14.32,Second County,NA,NA,sars-cov-2,2020-08-13,NA,Publish,SSS,Active,Decreasing,-0.011017509336964102,0.022486054155735898
Utility2,2025-08-25,4806981,NA,NA,County2,89838,14.32,Second County,NA,NA,sars-cov-2,2020-08-13,NA,Publish,SSS,Active,Decreasing,-0.017467312300630256,0.0017998052689644456
Utility2,2025-08-28,1952384,NA,NA,County2,89838,14.32,Second County,NA,NA,sars-cov-2,2020-08-13,NA,Publish,SSS,Active,Decreasing,-0.023822305183327834,1.0748269627744842e-4
Utility2,2025-09-02,1573722,NA,NA,County2,89838,14.32,Second County,NA,NA,sars-cov-2,2020-08-13,NA,Publish,SSS,Active,Decreasing,-0.028358945315083192,3.1784048904769346e-5
Utility3,2024-06-27,4585963,NA,NA,County3,23158,2.78,Third County,NA,NA,sars-cov-2,2022-01-31,NA,Publish,SSS,Active,NA,NA,NA
Utility3,2024-07-01,13759886,NA,NA,County3,23158,2.78,Third County,NA,NA,sars-cov-2,2022-01-31,NA,Publish,SSS,Active,NA,0.0060622942116844245,NA
Utility3,2024-07-08,600,NA,NA,County3,23158,2.78,Third County,NA,NA,sars-cov-2,2022-01-31,NA,Publish,SSS,Active,Plateau,0.004273499480527698,0.15095528123879615
Utility3,2024-07-11,2358960,NA,NA,County3,23158,2.78,Third County,NA,NA,sars-cov-2,2022-01-31,NA,Publish,SSS,Active,Increasing,0.0033288021271538066,0.04313672439207946
Utility3,2024-07-15,12594580,NA,NA,County3,23158,2.78,Third County,NA,NA,sars-cov-2,2022-01-31,NA,Publish,SSS,Active,Increasing,0.0038540664603325713,0.0048619949618997505
Utility3,2024-07-18,1337138,NA,NA,County3,23158,2.78,Third County,NA,NA,sars-cov-2,2022-01-31,NA,Publish,SSS,Active,Increasing,0.0037618883397380954,3.770183419811257e-4
Utility3,2024-07-22,600,NA,NA,County3,23158,2.78,Third County,NA,NA,sars-cov-2,2022-01-31,NA,Publish,SSS,Active,Increasing,0.003705423737028319,3.460770993521521e-4
Utility3,2024-07-25,15743969,NA,NA,County3,23158,2.78,Third County,NA,NA,sars-cov-2,2022-01-31,NA,Publish,SSS,Active,Increasing,0.004287814486533103,1.5540901532662066e-4
Utility3,2024-07-29,10890443,NA,NA,County3,23158,2.78,Third County,NA,NA,sars-cov-2,2022-01-31,NA,Publish,SSS,Active,Increasing,0.004240583398555917,6.9087040458026185e-6
Utility3,2024-08-01,4290894,NA,NA,County3,23158,2.78,Third County,NA,NA,sars-cov-2,2022-01-31,NA,Publish,SSS,Active,Increasing,0.003830103159404995,2.0423768141516655e-4
Utility3,2024-08-05,596604,NA,NA,County3,23158,2.78,Third County,NA,NA,sars-cov-2,2022-01-31,NA,Publish,SSS,Active,Increasing,0.0030038637093165016,8.284815547137866e-4
Utility3,2024-08-08,1324868,NA,NA,County3,23158,2.78,Third County,NA,NA,sars-cov-2,2022-01-31,NA,Publish,SSS,Active,Increasing,0.002969804292886655,8.34505084763361e-4
Utility3,2024-08-12,9741944,NA,NA,County3,23158,2.78,Third County,NA,NA,sars-cov-2,2022-01-31,NA,Publish,SSS,Active,Increasing,0.003291312840459823,0.0017526032297800536
Utility3,2024-08-15,3171701,NA,NA,County3,23158,2.78,Third County,NA,NA,sars-cov-2,2022-01-31,NA,Publish,SSS,Active,Increasing,0.003878136721264301,0.0019962970266157796
Utility3,2024-08-19,6211153,NA,NA,County3,23158,2.78,Third County,NA,NA,sars-cov-2,2022-01-31,NA,Publish,SSS,Active,Increasing,0.005256511686021406,7.884770288605052e-4
Utility3,2024-08-22,13261491,NA,NA,County3,23158,2.78,Third County,NA,NA,sars-cov-2,2022-01-31,NA,Publish,SSS,Active,Increasing,0.0070151468808206385,5.898749520323556e-5
Utility3,2024-08-26,302599,NA,NA,County3,23158,2.78,Third County,NA,NA,sars-cov-2,2022-01-31,NA,Publish,SSS,Active,Increasing,0.007947917308741009,1.8326372139903984e-6
Utility3,2024-09-09,600,NA,NA,County3,23158,2.78,Third County,NA,NA,sars-cov-2,2022-01-31,NA,Publish,SSS,Active,Increasing,0.008183770758843776,0.005053263013244391
Utility3,2024-09-12,178940,NA,NA,County3,23158,2.78,Third County,NA,NA,sars-cov-2,2022-01-31,NA,Publish,SSS,Active,Increasing,0.0076333897517519836,0.0013156571297668032
Utility3,2024-09-16,13021359,NA,NA,County3,23158,2.78,Third County,NA,NA,sars-cov-2,2022-01-31,NA,Publish,SSS,Active,Increasing,0.008313556563537182,5.144662079794875e-4
Utility3,2024-09-23,12571474,NA,NA,County3,23158,2.78,Third County,NA,NA,sars-cov-2,2022-01-31,NA,Publish,SSS,Active,Increasing,0.007841659533937494,0.0034239799844874635
Utility3,2024-09-26,9947273,NA,NA,County3,23158,2.78,Third County,NA,NA,sars-cov-2,2022-01-31,NA,Publish,SSS,Active,Increasing,0.006844107026250161,0.0017021399778567473
Utility3,2024-09-30,3328894,NA,NA,County3,23158,2.78,Third County,NA,NA,sars-cov-2,2022-01-31,NA,Publish,SSS,Active,Increasing,0.005729064203071308,0.0017091252705861914
Utility3,2024-10-03,14759634,NA,NA,County3,23158,2.78,Third County,NA,NA,sars-cov-2,2022-01-31,NA,Publish,SSS,Active,Increasing,0.0046427357123608745,0.0012918065667420142
Utility3,2024-10-14,15864623,NA,NA,County3,23158,2.78,Third County,NA,NA,sars-cov-2,2022-01-31,NA,Publish,SSS,Active,Increasing,0.0031278933361033236,0.0041300205910353395
Utility3,2024-10-17,2163221,NA,NA,County3,23158,2.78,Third County,NA,NA,sars-cov-2,2022-01-31,NA,Publish,SSS,Active,Plateau,0.0017890760445926058,0.1330947706951716
Utility3,2024-10-21,10349907,NA,NA,County3,23158,2.78,Third County,NA,NA,sars-cov-2,2022-01-31,NA,Publish,SSS,Active,Plateau,7.113069800465273e-4,0.5015074016985362
Utility3,2024-10-24,600,NA,NA,County3,23158,2.78,Third County,NA,NA,sars-cov-2,2022-01-31,NA,Publish,SSS,Active,Plateau,-8.945268548265994e-4,0.08589431819520896
Utility3,2024-10-28,1440604,NA,NA,County3,23158,2.78,Third County,NA,NA,sars-cov-2,2022-01-31,NA,Publish,SSS,Active,Plateau,-8.956375418417117e-4,0.08543492866058694
Utility3,2024-11-04,12630294,NA,NA,County3,23158,2.78,Third County,NA,NA,sars-cov-2,2022-01-31,NA,Publish,SSS,Active,Plateau,-4.1104781325138756e-4,0.3211166659123505
Utility3,2024-11-07,8084170,NA,NA,County3,23158,2.78,Third County,NA,NA,sars-cov-2,2022-01-31,NA,Publish,SSS,Active,Plateau,-7.023964127887836e-6,0.9750612623634183
Utility3,2024-11-12,10831604,NA,NA,County3,23158,2.78,Third County,NA,NA,sars-cov-2,2022-01-31,NA,Publish,SSS,Active,Plateau,2.622639875944626e-4,0.4098480749826753
Utility3,2024-11-14,5896870,NA,NA,County3,23158,2.78,Third County,NA,NA,sars-cov-2,2022-01-31,NA,Publish,SSS,Active,Plateau,-3.528257523176367e-4,0.42543375976818015
Utility3,2024-11-18,731634,NA,NA,County3,23158,2.78,Third County,NA,NA,sars-cov-2,2022-01-31,NA,Publish,SSS,Active,Plateau,-0.0010367501118678396,0.05481449125265564
Utility3,2024-11-21,600,NA,NA,County3,23158,2.78,Third County,NA,NA,sars-cov-2,2022-01-31,NA,Publish,SSS,Active,Decreasing,-0.0011201998954684217,0.03273323600677612
Utility3,2024-11-25,11430765,NA,NA,County3,23158,2.78,Third County,NA,NA,sars-cov-2,2022-01-31,NA,Publish,SSS,Active,Plateau,-6.676157477235868e-4,0.12254936607226864
Utility3,2024-12-02,13036082,NA,NA,County3,23158,2.78,Third County,NA,NA,sars-cov-2,2022-01-31,NA,Publish,SSS,Active,Plateau,-1.029549461992047e-5,0.9846655105646651
Utility3,2024-12-05,7342566,NA,NA,County3,23158,2.78,Third County,NA,NA,sars-cov-2,2022-01-31,NA,Publish,SSS,Active,Plateau,9.206375987989891e-6,0.9860022212844262
Utility3,2024-12-09,4939772,NA,NA,County3,23158,2.78,Third County,NA,NA,sars-cov-2,2022-01-31,NA,Publish,SSS,Active,Plateau,-8.002059328184935e-4,0.2935606959079754
Utility3,2024-12-12,795509,NA,NA,County3,23158,2.78,Third County,NA,NA,sars-cov-2,2022-01-31,NA,Publish,SSS,Active,Decreasing,-0.0015871709945672456,0.028263774017310186
Utility3,2024-12-16,765800,NA,NA,County3,23158,2.78,Third County,NA,NA,sars-cov-2,2022-01-31,NA,Publish,SSS,Active,Plateau,-0.0013607668010629233,0.07873977971151117
Utility3,2024-12-19,12877748,NA,NA,County3,23158,2.78,Third County,NA,NA,sars-cov-2,2022-01-31,NA,Publish,SSS,Active,Plateau,1.234380369035629e-4,0.9029352577417222
Utility3,2024-12-26,13482119,NA,NA,County3,23158,2.78,Third County,NA,NA,sars-cov-2,2022-01-31,NA,Publish,SSS,Active,Increasing,0.0019967683420073603,0.04943677190538225
Utility3,2024-12-30,554013,NA,NA,County3,23158,2.78,Third County,NA,NA,sars-cov-2,2022-01-31,NA,Publish,SSS,Active,Increasing,0.0025122429175693135,0.006200272966768339
Utility3,2025-01-02,12776253,NA,NA,County3,23158,2.78,Third County,NA,NA,sars-cov-2,2022-01-31,NA,Publish,SSS,Active,Increasing,0.0021859608510192423,0.018254666443255838
Utility3,2025-01-06,10214194,NA,NA,County3,23158,2.78,Third County,NA,NA,sars-cov-2,2022-01-31,NA,Publish,SSS,Active,Plateau,0.0010594659085575333,0.1559193362463993
Utility3,2025-01-09,600,NA,NA,County3,23158,2.78,Third County,NA,NA,sars-cov-2,2022-01-31,NA,Publish,SSS,Active,Plateau,-6.710718008078465e-4,0.27886319060796533
Utility3,2025-01-13,2158432,NA,NA,County3,23158,2.78,Third County,NA,NA,sars-cov-2,2022-01-31,NA,Publish,SSS,Active,Decreasing,-0.0018529823453397414,0.013546120907287008
Utility3,2025-01-16,14640107,NA,NA,County3,23158,2.78,Third County,NA,NA,sars-cov-2,2022-01-31,NA,Publish,SSS,Active,Decreasing,-0.0017249672169140902,0.002949429900626111
Utility3,2025-01-21,13846142,NA,NA,County3,23158,2.78,Third County,NA,NA,sars-cov-2,2022-01-31,NA,Publish,SSS,Active,Decreasing,-0.0024777559321740067,0.0019353936472910796
Utility3,2025-01-23,600,NA,NA,County3,23158,2.78,Third County,NA,NA,sars-cov-2,2022-01-31,NA,Publish,SSS,Active,Decreasing,-0.00298641203717937,5.39793364003408e-4
Utility3,2025-01-27,7923235,NA,NA,County3,23158,2.78,Third County,NA,NA,sars-cov-2,2022-01-31,NA,Publish,SSS,Active,Decreasing,-0.00399292324889539,0.0012029902063596409
Utility3,2025-01-30,11513133,NA,NA,County3,23158,2.78,Third County,NA,NA,sars-cov-2,2022-01-31,NA,Publish,SSS,Active,Decreasing,-0.004906167635644741,9.420954974020422e-4
Utility3,2025-02-03,2899874,NA,NA,County3,23158,2.78,Third County,NA,NA,sars-cov-2,2022-01-31,NA,Publish,SSS,Active,Decreasing,-0.0062418274355736944,2.1032410939853872e-4
Utility3,2025-02-06,2838329,NA,NA,County3,23158,2.78,Third County,NA,NA,sars-cov-2,2022-01-31,NA,Publish,SSS,Active,Decreasing,-0.007473003173500204,7.459059406377415e-7
Utility3,2025-02-10,16018487,NA,NA,County3,23158,2.78,Third County,NA,NA,sars-cov-2,2022-01-31,NA,Publish,SSS,Active,Decreasing,-0.007272369683932973,5.216452710049646e-6
Utility3,2025-02-13,2868352,NA,NA,County3,23158,2.78,Third County,NA,NA,sars-cov-2,2022-01-31,NA,Publish,SSS,Active,Decreasing,-0.0067056665183212304,2.3018740764396118e-5
Utility3,2025-02-18,14618615,NA,NA,County3,23158,2.78,Third County,NA,NA,sars-cov-2,2022-01-31,NA,Publish,SSS,Active,Decreasing,-0.005220200979020734,0.0010381277286287875
Utility3,2025-02-20,600,NA,NA,County3,23158,2.78,Third County,NA,NA,sars-cov-2,2022-01-31,NA,Publish,SSS,Active,Decreasing,-0.005105702207025552,8.154803284394811e-5
Utility3,2025-02-24,3527424,NA,NA,County3,23158,2.78,Third County,NA,NA,sars-cov-2,2022-01-31,NA,Publish,SSS,Active,Decreasing,-0.00471402971531708,1.3709310797064044e-5
Utility3,2025-02-27,691094,NA,NA,County3,23158,2.78,Third County,NA,NA,sars-cov-2,2022-01-31,NA,Publish,SSS,Active,Decreasing,-0.004309687596057443,2.4520300451239743e-5
Utility3,2025-03-03,15634690,NA,NA,County3,23158,2.78,Third County,NA,NA,sars-cov-2,2022-01-31,NA,Publish,SSS,Active,Decreasing,-0.0037881713809129786,6.480142609464352e-4
Utility3,2025-03-06,66613,NA,NA,County3,23158,2.78,Third County,NA,NA,sars-cov-2,2022-01-31,NA,Publish,SSS,Active,Decreasing,-0.003155850632512518,0.0015308846959705116
Utility3,2025-03-13,600,NA,NA,County3,23158,2.78,Third County,NA,NA,sars-cov-2,2022-01-31,NA,Publish,SSS,Active,Decreasing,-0.0019578188383048622,0.011038782140932664
Utility3,2025-03-17,10059244,NA,NA,County3,23158,2.78,Third County,NA,NA,sars-cov-2,2022-01-31,NA,Publish,SSS,Active,Decreasing,-0.001281601532065863,0.009663808690975568
Utility3,2025-03-20,7586335,NA,NA,County3,23158,2.78,Third County,NA,NA,sars-cov-2,2022-01-31,NA,Publish,SSS,Active,Decreasing,-0.0018490096652764541,0.005726696538163825
Utility3,2025-03-24,7255912,NA,NA,County3,23158,2.78,Third County,NA,NA,sars-cov-2,2022-01-31,NA,Publish,SSS,Active,Decreasing,-0.002650974003289029,0.0017583948139430518
Utility3,2025-03-27,600,NA,NA,County3,23158,2.78,Third County,NA,NA,sars-cov-2,2022-01-31,NA,Publish,SSS,Active,Decreasing,-0.0033298989592687803,0.003139592012577818
Utility3,2025-03-31,6253210,NA,NA,County3,23158,2.78,Third County,NA,NA,sars-cov-2,2022-01-31,NA,Publish,SSS,Active,Decreasing,-0.004370294994985462,7.220481338535735e-4
Utility3,2025-04-03,9106087,NA,NA,County3,23158,2.78,Third County,NA,NA,sars-cov-2,2022-01-31,NA,Publish,SSS,Active,Decreasing,-0.004468853381823351,4.2099203264619916e-5
Utility3,2025-04-07,6901895,NA,NA,County3,23158,2.78,Third County,NA,NA,sars-cov-2,2022-01-31,NA,Publish,SSS,Active,Decreasing,-0.004975356117809855,7.181308846090061e-8
Utility3,2025-04-10,719151,NA,NA,County3,23158,2.78,Third County,NA,NA,sars-cov-2,2022-01-31,NA,Publish,SSS,Active,Decreasing,-0.005164586278759127,2.3237353080121604e-7
Utility3,2025-04-14,600,NA,NA,County3,23158,2.78,Third County,NA,NA,sars-cov-2,2022-01-31,NA,Publish,SSS,Active,Decreasing,-0.005106188288574966,3.72672853333331e-7
Utility3,2025-04-17,600,NA,NA,County3,23158,2.78,Third County,NA,NA,sars-cov-2,2022-01-31,NA,Publish,SSS,Active,Decreasing,-0.004801218424941821,1.2792904018413117e-6
Utility3,2025-04-21,12553572,NA,NA,County3,23158,2.78,Third County,NA,NA,sars-cov-2,2022-01-31,NA,Publish,SSS,Active,Decreasing,-0.004565999950036577,2.64770001502565e-6
Utility3,2025-04-24,600,NA,NA,County3,23158,2.78,Third County,NA,NA,sars-cov-2,2022-01-31,NA,Publish,SSS,Active,Decreasing,-0.004787763138581734,5.840659207876013e-6
Utility3,2025-04-28,4613384,NA,NA,County3,23158,2.78,Third County,NA,NA,sars-cov-2,2022-01-31,NA,Publish,SSS,Active,Decreasing,-0.004949782338013221,1.025596249213143e-5
Utility3,2025-05-01,4211655,NA,NA,County3,23158,2.78,Third County,NA,NA,sars-cov-2,2022-01-31,NA,Publish,SSS,Active,Decreasing,-0.00483431124293966,1.2144575416146086e-5
Utility3,2025-05-05,11474401,NA,NA,County3,23158,2.78,Third County,NA,NA,sars-cov-2,2022-01-31,NA,Publish,SSS,Active,Decreasing,-0.004564033892770908,8.076296087490263e-5
Utility3,2025-05-08,600,NA,NA,County3,23158,2.78,Third County,NA,NA,sars-cov-2,2022-01-31,NA,Publish,SSS,Active,Decreasing,-0.004259829612056224,1.763009224351507e-4
Utility3,2025-05-12,5738409,NA,NA,County3,23158,2.78,Third County,NA,NA,sars-cov-2,2022-01-31,NA,Publish,SSS,Active,Decreasing,-0.003845095071539033,1.958021554505543e-4
Utility3,2025-05-15,600,NA,NA,County3,23158,2.78,Third County,NA,NA,sars-cov-2,2022-01-31,NA,Publish,SSS,Active,Decreasing,-0.00325996418239645,2.1902658350893578e-5
Utility3,2025-05-19,5151914,NA,NA,County3,23158,2.78,Third County,NA,NA,sars-cov-2,2022-01-31,NA,Publish,SSS,Active,Decreasing,-0.0029000338778904437,2.265804834977176e-5
Utility3,2025-05-22,600,NA,NA,County3,23158,2.78,Third County,NA,NA,sars-cov-2,2022-01-31,NA,Publish,SSS,Active,Decreasing,-0.002484449878824579,8.073008709325981e-4
Utility3,2025-05-29,2708622,NA,NA,County3,23158,2.78,Third County,NA,NA,sars-cov-2,2022-01-31,NA,Publish,SSS,Active,Decreasing,-0.0013769474769940357,0.03868570132677161
Utility3,2025-06-02,3376344,NA,NA,County3,23158,2.78,Third County,NA,NA,sars-cov-2,2022-01-31,NA,Publish,SSS,Active,Plateau,-6.19221835215748e-5,0.901704243253252
Utility3,2025-06-05,1969073,NA,NA,County3,23158,2.78,Third County,NA,NA,sars-cov-2,2022-01-31,NA,Publish,SSS,Active,Plateau,0.0018303439924452695,0.07723991697195688
Utility3,2025-06-09,9621181,NA,NA,County3,23158,2.78,Third County,NA,NA,sars-cov-2,2022-01-31,NA,Publish,SSS,Active,Increasing,0.00439936007215853,0.019169283156441227
Utility3,2025-06-12,6094415,NA,NA,County3,23158,2.78,Third County,NA,NA,sars-cov-2,2022-01-31,NA,Publish,SSS,Active,Increasing,0.0067526546018342355,0.0036632301036001245
Utility3,2025-06-16,12593709,NA,NA,County3,23158,2.78,Third County,NA,NA,sars-cov-2,2022-01-31,NA,Publish,SSS,Active,Increasing,0.008959850758012528,1.8007585328222884e-4
Utility3,2025-06-23,600,NA,NA,County3,23158,2.78,Third County,NA,NA,sars-cov-2,2022-01-31,NA,Publish,SSS,Active,Increasing,0.0095221737494965,1.3992789943008224e-5
Utility3,2025-06-26,600,NA,NA,County3,23158,2.78,Third County,NA,NA,sars-cov-2,2022-01-31,NA,Publish,SSS,Active,Increasing,0.00863871782459239,1.8868682605837405e-4
Utility3,2025-06-30,600,NA,NA,County3,23158,2.78,Third County,NA,NA,sars-cov-2,2022-01-31,NA,Publish,SSS,Active,Increasing,0.007493884163580949,1.3892101215284312e-4
Utility3,2025-07-07,684187,NA,NA,County3,23158,2.78,Third County,NA,NA,sars-cov-2,2022-01-31,NA,Publish,SSS,Active,Increasing,0.006076022786826312,9.357320396964977e-5
Utility3,2025-07-10,600,NA,NA,County3,23158,2.78,Third County,NA,NA,sars-cov-2,2022-01-31,NA,Publish,SSS,Active,Increasing,0.007147927266577109,9.544779176653016e-4
Utility3,2025-07-14,8044177,NA,NA,County3,23158,2.78,Third County,NA,NA,sars-cov-2,2022-01-31,NA,Publish,SSS,Active,Increasing,0.007750750350537371,9.962879427432437e-5
Utility3,2025-07-17,600,NA,NA,County3,23158,2.78,Third County,NA,NA,sars-cov-2,2022-01-31,NA,Publish,SSS,Active,Increasing,0.008820296745292684,2.611235141648712e-5
Utility3,2025-07-21,14434469,NA,NA,County3,23158,2.78,Third County,NA,NA,sars-cov-2,2022-01-31,NA,Publish,SSS,Active,Increasing,0.00983468367991298,1.8374158954520737e-5
Utility3,2025-07-24,2572544,NA,NA,County3,23158,2.78,Third County,NA,NA,sars-cov-2,2022-01-31,NA,Publish,SSS,Active,Increasing,0.009963479800154426,8.661770862929892e-6
Utility3,2025-07-28,12557391,NA,NA,County3,23158,2.78,Third County,NA,NA,sars-cov-2,2022-01-31,NA,Publish,SSS,Active,Increasing,0.009767567544754226,3.014665798498977e-7
Utility3,2025-07-31,14590505,NA,NA,County3,23158,2.78,Third County,NA,NA,sars-cov-2,2022-01-31,NA,Publish,SSS,Active,Increasing,0.009246517621658401,1.0989598250110439e-6
Utility3,2025-08-04,10959082,NA,NA,County3,23158,2.78,Third County,NA,NA,sars-cov-2,2022-01-31,NA,Publish,SSS,Active,Increasing,0.008326597980423777,1.5210444056871694e-5
Utility3,2025-08-07,9248973,NA,NA,County3,23158,2.78,Third County,NA,NA,sars-cov-2,2022-01-31,NA,Publish,SSS,Active,Increasing,0.006908373665727817,1.2945928543761892e-4
Utility3,2025-08-11,11103803,NA,NA,County3,23158,2.78,Third County,NA,NA,sars-cov-2,2022-01-31,NA,Publish,SSS,Active,Increasing,0.005178430319680096,7.039167615645803e-4
Utility3,2025-08-14,600,NA,NA,County3,23158,2.78,Third County,NA,NA,sars-cov-2,2022-01-31,NA,Publish,SSS,Active,Increasing,0.0033292141014116764,0.016881963296160454
Utility3,2025-08-18,10276634,NA,NA,County3,23158,2.78,Third County,NA,NA,sars-cov-2,2022-01-31,NA,Publish,SSS,Active,Plateau,0.0012653310954706667,0.16017466323387575
Utility3,2025-08-21,1483388,NA,NA,County3,23158,2.78,Third County,NA,NA,sars-cov-2,2022-01-31,NA,Publish,SSS,Active,Plateau,-3.364608944463475e-4,0.5806113264103806
Utility3,2025-08-25,10823894,NA,NA,County3,23158,2.78,Third County,NA,NA,sars-cov-2,2022-01-31,NA,Publish,SSS,Active,Decreasing,-0.0012917227719347368,0.013178982952862298
Utility3,2025-08-28,6736950,NA,NA,County3,23158,2.78,Third County,NA,NA,sars-cov-2,2022-01-31,NA,Publish,SSS,Active,Decreasing,-0.0018608320663976434,8.193453750240536e-5
Utility3,2025-09-02,1725195,NA,NA,County3,23158,2.78,Third County,NA,NA,sars-cov-2,2022-01-31,NA,Publish,SSS,Active,Decreasing,-0.001554018429019665,0.0013070773662200458
Utility4,2024-06-26,1283018,NA,NA,County4,89083,11.5,Fourth County,NA,NA,sars-cov-2,2022-02-28,NA,Publish,SSS,Active,NA,NA,NA
Utility4,2024-07-01,773074,NA,NA,County4,89083,11.5,Fourth County,NA,NA,sars-cov-2,2022-02-28,NA,Publish,SSS,Active,NA,0.0026738874705041237,NA
Utility4,2024-07-08,600,NA,NA,County4,89083,11.5,Fourth County,NA,NA,sars-cov-2,2022-02-28,NA,Publish,SSS,Active,Plateau,-0.0015766011352386022,0.6364558511324766
Utility4,2024-07-10,95187,NA,NA,County4,89083,11.5,Fourth County,NA,NA,sars-cov-2,2022-02-28,NA,Publish,SSS,Active,Plateau,-0.0029159530719409686,0.1619848241940296
Utility4,2024-07-15,116835,NA,NA,County4,89083,11.5,Fourth County,NA,NA,sars-cov-2,2022-02-28,NA,Publish,SSS,Active,Plateau,-0.0018015057928377127,0.1716773241862584
Utility4,2024-07-17,200465,NA,NA,County4,89083,11.5,Fourth County,NA,NA,sars-cov-2,2022-02-28,NA,Publish,SSS,Active,Plateau,0.0014476503911507285,0.5069244381738989
Utility4,2024-07-22,501810,NA,NA,County4,89083,11.5,Fourth County,NA,NA,sars-cov-2,2022-02-28,NA,Publish,SSS,Active,Plateau,0.0078000896226619425,0.1002912315813267
Utility4,2024-07-24,1608780,NA,NA,County4,89083,11.5,Fourth County,NA,NA,sars-cov-2,2022-02-28,NA,Publish,SSS,Active,Increasing,0.016773445749030728,0.012308821805197616
Utility4,2024-07-29,418069,NA,NA,County4,89083,11.5,Fourth County,NA,NA,sars-cov-2,2022-02-28,NA,Publish,SSS,Active,Increasing,0.01899876404499598,0.001498989581865993
Utility4,2024-07-31,779668,NA,NA,County4,89083,11.5,Fourth County,NA,NA,sars-cov-2,2022-02-28,NA,Publish,SSS,Active,Increasing,0.02495837908503146,4.7836282824111537e-5
Utility4,2024-08-05,863785,NA,NA,County4,89083,11.5,Fourth County,NA,NA,sars-cov-2,2022-02-28,NA,Publish,SSS,Active,Increasing,0.02861302610733988,3.466822088272362e-7
Utility4,2024-08-07,1753695,NA,NA,County4,89083,11.5,Fourth County,NA,NA,sars-cov-2,2022-02-28,NA,Publish,SSS,Active,Increasing,0.029393249061337327,3.657254133853271e-8
Utility4,2024-08-12,101121,NA,NA,County4,89083,11.5,Fourth County,NA,NA,sars-cov-2,2022-02-28,NA,Publish,SSS,Active,Increasing,0.02744614377456552,2.065657776500472e-6
Utility4,2024-08-14,2062358,NA,NA,County4,89083,11.5,Fourth County,NA,NA,sars-cov-2,2022-02-28,NA,Publish,SSS,Active,Increasing,0.025074817181230967,1.0621956398122291e-5
Utility4,2024-08-19,239408,NA,NA,County4,89083,11.5,Fourth County,NA,NA,sars-cov-2,2022-02-28,NA,Publish,SSS,Active,Increasing,0.021736787950663694,1.360346625173371e-4
Utility4,2024-08-21,166835,NA,NA,County4,89083,11.5,Fourth County,NA,NA,sars-cov-2,2022-02-28,NA,Publish,SSS,Active,Increasing,0.018074332946928198,7.494151494834866e-5
Utility4,2024-08-26,2103169,NA,NA,County4,89083,11.5,Fourth County,NA,NA,sars-cov-2,2022-02-28,NA,Publish,SSS,Active,Increasing,0.01678483907804172,1.3346270003817993e-5
Utility4,2024-08-28,1197251,NA,NA,County4,89083,11.5,Fourth County,NA,NA,sars-cov-2,2022-02-28,NA,Publish,SSS,Active,Increasing,0.01582140935796558,9.06209227248433e-6
Utility4,2024-09-09,561045,NA,NA,County4,89083,11.5,Fourth County,NA,NA,sars-cov-2,2022-02-28,NA,Publish,SSS,Active,Increasing,0.015457743158889705,0.006210590201898783
Utility4,2024-09-11,1738563,NA,NA,County4,89083,11.5,Fourth County,NA,NA,sars-cov-2,2022-02-28,NA,Publish,SSS,Active,Increasing,0.013476418040331803,0.005375559607269474
Utility4,2024-09-16,578799,NA,NA,County4,89083,11.5,Fourth County,NA,NA,sars-cov-2,2022-02-28,NA,Publish,SSS,Active,Increasing,0.010629383048858538,0.0019908014637524014
Utility4,2024-09-23,1320296,NA,NA,County4,89083,11.5,Fourth County,NA,NA,sars-cov-2,2022-02-28,NA,Publish,SSS,Active,Increasing,0.01491631347746267,0.017491373030768434
Utility4,2024-09-25,1257003,NA,NA,County4,89083,11.5,Fourth County,NA,NA,sars-cov-2,2022-02-28,NA,Publish,SSS,Active,Increasing,0.01583700276038039,0.0011132652567170948
Utility4,2024-09-30,1996656,NA,NA,County4,89083,11.5,Fourth County,NA,NA,sars-cov-2,2022-02-28,NA,Publish,SSS,Active,Increasing,0.016029863328931936,4.427612497565624e-5
Utility4,2024-10-02,1455018,NA,NA,County4,89083,11.5,Fourth County,NA,NA,sars-cov-2,2022-02-28,NA,Publish,SSS,Active,Increasing,0.014193097065115338,6.244860069937905e-4
Utility4,2024-10-08,1590071,NA,NA,County4,89083,11.5,Fourth County,NA,NA,sars-cov-2,2022-02-28,NA,Publish,SSS,Active,Plateau,0.007799422904886038,0.06457588060679506
Utility4,2024-10-09,249266,NA,NA,County4,89083,11.5,Fourth County,NA,NA,sars-cov-2,2022-02-28,NA,Publish,SSS,Active,Plateau,0.003522245351133782,0.31206041888223196
Utility4,2024-10-14,820269,NA,NA,County4,89083,11.5,Fourth County,NA,NA,sars-cov-2,2022-02-28,NA,Publish,SSS,Active,Plateau,0.0010679875447801184,0.6959422053650858
Utility4,2024-10-16,367577,NA,NA,County4,89083,11.5,Fourth County,NA,NA,sars-cov-2,2022-02-28,NA,Publish,SSS,Active,Plateau,-0.001995184045097646,0.2875628288933255
Utility4,2024-10-21,1944051,NA,NA,County4,89083,11.5,Fourth County,NA,NA,sars-cov-2,2022-02-28,NA,Publish,SSS,Active,Plateau,-0.0011155527257651625,0.6193396393522137
Utility4,2024-10-23,600,NA,NA,County4,89083,11.5,Fourth County,NA,NA,sars-cov-2,2022-02-28,NA,Publish,SSS,Active,Plateau,0.0017925722343742584,0.498093646913494
Utility4,2024-10-28,1535173,NA,NA,County4,89083,11.5,Fourth County,NA,NA,sars-cov-2,2022-02-28,NA,Publish,SSS,Active,Plateau,0.005225449621021451,0.059805471371410936
Utility4,2024-10-30,2131269,NA,NA,County4,89083,11.5,Fourth County,NA,NA,sars-cov-2,2022-02-28,NA,Publish,SSS,Active,Increasing,0.008085509601240503,7.698281982176558e-4
Utility4,2024-11-04,724215,NA,NA,County4,89083,11.5,Fourth County,NA,NA,sars-cov-2,2022-02-28,NA,Publish,SSS,Active,Increasing,0.006741388059101042,0.01178302322728423
Utility4,2024-11-06,1174261,NA,NA,County4,89083,11.5,Fourth County,NA,NA,sars-cov-2,2022-02-28,NA,Publish,SSS,Active,Plateau,0.0037412802040089114,0.09907546882735235
Utility4,2024-11-12,2086185,NA,NA,County4,89083,11.5,Fourth County,NA,NA,sars-cov-2,2022-02-28,NA,Publish,SSS,Active,Plateau,4.2474951410634607e-4,0.7657559792380968
Utility4,2024-11-13,2114717,NA,NA,County4,89083,11.5,Fourth County,NA,NA,sars-cov-2,2022-02-28,NA,Publish,SSS,Active,Plateau,2.5795571202029025e-4,0.7961486178653947
Utility4,2024-11-18,1377773,NA,NA,County4,89083,11.5,Fourth County,NA,NA,sars-cov-2,2022-02-28,NA,Publish,SSS,Active,Plateau,-0.00264803756699651,0.1292066980843799
Utility4,2024-11-20,600,NA,NA,County4,89083,11.5,Fourth County,NA,NA,sars-cov-2,2022-02-28,NA,Publish,SSS,Active,Decreasing,-0.006123897231871185,0.034498732897331595
Utility4,2024-11-25,600,NA,NA,County4,89083,11.5,Fourth County,NA,NA,sars-cov-2,2022-02-28,NA,Publish,SSS,Active,Decreasing,-0.009108516120185957,0.015098521211392985
Utility4,2024-12-02,1182163,NA,NA,County4,89083,11.5,Fourth County,NA,NA,sars-cov-2,2022-02-28,NA,Publish,SSS,Active,Decreasing,-0.016496071534924946,1.2085709584938636e-4
Utility4,2024-12-04,1561297,NA,NA,County4,89083,11.5,Fourth County,NA,NA,sars-cov-2,2022-02-28,NA,Publish,SSS,Active,Decreasing,-0.018430318346672515,1.1532093610806473e-6
Utility4,2024-12-09,360425,NA,NA,County4,89083,11.5,Fourth County,NA,NA,sars-cov-2,2022-02-28,NA,Publish,SSS,Active,Decreasing,-0.020070875913981674,8.444676571967049e-5
Utility4,2024-12-11,314373,NA,NA,County4,89083,11.5,Fourth County,NA,NA,sars-cov-2,2022-02-28,NA,Publish,SSS,Active,Decreasing,-0.02091166928182119,5.8814626210138854e-5
Utility4,2024-12-16,1277908,NA,NA,County4,89083,11.5,Fourth County,NA,NA,sars-cov-2,2022-02-28,NA,Publish,SSS,Active,Decreasing,-0.020004779892638394,2.0946954723020017e-4
Utility4,2024-12-18,773991,NA,NA,County4,89083,11.5,Fourth County,NA,NA,sars-cov-2,2022-02-28,NA,Publish,SSS,Active,Decreasing,-0.01864912246159256,4.206246432732133e-4
Utility4,2024-12-30,703960,NA,NA,County4,89083,11.5,Fourth County,NA,NA,sars-cov-2,2022-02-28,NA,Publish,SSS,Active,Decreasing,-0.01294296105022217,4.619365490539383e-4
Utility4,2025-01-06,1771250,NA,NA,County4,89083,11.5,Fourth County,NA,NA,sars-cov-2,2022-02-28,NA,Publish,SSS,Active,Plateau,-0.009415129556457203,0.0756616787751006
Utility4,2025-01-08,330764,NA,NA,County4,89083,11.5,Fourth County,NA,NA,sars-cov-2,2022-02-28,NA,Publish,SSS,Active,Plateau,-0.007608992148945324,0.05528448038717047
Utility4,2025-01-13,1481960,NA,NA,County4,89083,11.5,Fourth County,NA,NA,sars-cov-2,2022-02-28,NA,Publish,SSS,Active,Plateau,-0.0071035285263365095,0.0645911529178803
Utility4,2025-01-15,520750,NA,NA,County4,89083,11.5,Fourth County,NA,NA,sars-cov-2,2022-02-28,NA,Publish,SSS,Active,Decreasing,-0.009298441822539692,0.011537997637708223
Utility4,2025-01-21,1365069,NA,NA,County4,89083,11.5,Fourth County,NA,NA,sars-cov-2,2022-02-28,NA,Publish,SSS,Active,Decreasing,-0.01017036488366012,0.004911503103089954
Utility4,2025-01-27,583819,NA,NA,County4,89083,11.5,Fourth County,NA,NA,sars-cov-2,2022-02-28,NA,Publish,SSS,Active,Decreasing,-0.010653954069594393,3.3225126912279375e-4
Utility4,2025-02-03,729115,NA,NA,County4,89083,11.5,Fourth County,NA,NA,sars-cov-2,2022-02-28,NA,Publish,SSS,Active,Decreasing,-0.010038074773321578,0.006785065596974041
Utility4,2025-02-05,312002,NA,NA,County4,89083,11.5,Fourth County,NA,NA,sars-cov-2,2022-02-28,NA,Publish,SSS,Active,Decreasing,-0.0066158993696233594,0.018128289450392306
Utility4,2025-02-10,1031347,NA,NA,County4,89083,11.5,Fourth County,NA,NA,sars-cov-2,2022-02-28,NA,Publish,SSS,Active,Plateau,-0.00230202699544968,0.4699069281069258
Utility4,2025-02-12,947693,NA,NA,County4,89083,11.5,Fourth County,NA,NA,sars-cov-2,2022-02-28,NA,Publish,SSS,Active,Plateau,0.0033993630123943393,0.1308767189219753
Utility4,2025-02-18,557478,NA,NA,County4,89083,11.5,Fourth County,NA,NA,sars-cov-2,2022-02-28,NA,Publish,SSS,Active,Plateau,0.004098306812104,0.05571728086867006
Utility4,2025-02-19,1565927,NA,NA,County4,89083,11.5,Fourth County,NA,NA,sars-cov-2,2022-02-28,NA,Publish,SSS,Active,Increasing,0.004471715845592584,0.007888332206983472
Utility4,2025-02-24,533483,NA,NA,County4,89083,11.5,Fourth County,NA,NA,sars-cov-2,2022-02-28,NA,Publish,SSS,Active,Increasing,0.0036123796026174,0.006681396176452507
Utility4,2025-03-03,640779,NA,NA,County4,89083,11.5,Fourth County,NA,NA,sars-cov-2,2022-02-28,NA,Publish,SSS,Active,Increasing,0.0033271964736858797,0.03103472954336767
Utility4,2025-03-05,590593,NA,NA,County4,89083,11.5,Fourth County,NA,NA,sars-cov-2,2022-02-28,NA,Publish,SSS,Active,Increasing,0.006064638749401063,0.028836269792834678
Utility4,2025-03-10,1627851,NA,NA,County4,89083,11.5,Fourth County,NA,NA,sars-cov-2,2022-02-28,NA,Publish,SSS,Active,Increasing,0.012437765980061183,0.014034404811411076
Utility4,2025-03-12,1952489,NA,NA,County4,89083,11.5,Fourth County,NA,NA,sars-cov-2,2022-02-28,NA,Publish,SSS,Active,Increasing,0.017500783463152845,0.004429475404949013
Utility4,2025-03-17,1864264,NA,NA,County4,89083,11.5,Fourth County,NA,NA,sars-cov-2,2022-02-28,NA,Publish,SSS,Active,Increasing,0.020669498337414216,2.0935133802382546e-4
Utility4,2025-03-19,822807,NA,NA,County4,89083,11.5,Fourth County,NA,NA,sars-cov-2,2022-02-28,NA,Publish,SSS,Active,Increasing,0.016912385272773063,0.0060666153352394924
Utility4,2025-03-24,392325,NA,NA,County4,89083,11.5,Fourth County,NA,NA,sars-cov-2,2022-02-28,NA,Publish,SSS,Active,Increasing,0.012875791693540207,0.010624634867956008
Utility4,2025-03-26,1605948,NA,NA,County4,89083,11.5,Fourth County,NA,NA,sars-cov-2,2022-02-28,NA,Publish,SSS,Active,Increasing,0.008502508508701288,0.03316833412199468
Utility4,2025-03-31,600,NA,NA,County4,89083,11.5,Fourth County,NA,NA,sars-cov-2,2022-02-28,NA,Publish,SSS,Active,Plateau,0.0039039604896956605,0.05576642524137308
Utility4,2025-04-02,798848,NA,NA,County4,89083,11.5,Fourth County,NA,NA,sars-cov-2,2022-02-28,NA,Publish,SSS,Active,Plateau,0.0020679352759492907,0.07205638388665207
Utility4,2025-04-07,1915224,NA,NA,County4,89083,11.5,Fourth County,NA,NA,sars-cov-2,2022-02-28,NA,Publish,SSS,Active,Increasing,0.003470321899391573,0.04098049417761903
Utility4,2025-04-09,563636,NA,NA,County4,89083,11.5,Fourth County,NA,NA,sars-cov-2,2022-02-28,NA,Publish,SSS,Active,Increasing,0.005191727319047277,0.001362666510198935
Utility4,2025-04-14,1358829,NA,NA,County4,89083,11.5,Fourth County,NA,NA,sars-cov-2,2022-02-28,NA,Publish,SSS,Active,Increasing,0.006651106390691207,1.6638239442095498e-4
Utility4,2025-04-16,1699882,NA,NA,County4,89083,11.5,Fourth County,NA,NA,sars-cov-2,2022-02-28,NA,Publish,SSS,Active,Increasing,0.006915119989532205,1.8047998095535543e-4
Utility4,2025-04-21,600,NA,NA,County4,89083,11.5,Fourth County,NA,NA,sars-cov-2,2022-02-28,NA,Publish,SSS,Active,Increasing,0.006285441950206986,0.0013910601226856366
Utility4,2025-04-23,2116030,NA,NA,County4,89083,11.5,Fourth County,NA,NA,sars-cov-2,2022-02-28,NA,Publish,SSS,Active,Increasing,0.004391516959506302,0.024847666843555338
Utility4,2025-04-28,939103,NA,NA,County4,89083,11.5,Fourth County,NA,NA,sars-cov-2,2022-02-28,NA,Publish,SSS,Active,Plateau,0.00026814141061074675,0.8936688993569183
Utility4,2025-04-30,593395,NA,NA,County4,89083,11.5,Fourth County,NA,NA,sars-cov-2,2022-02-28,NA,Publish,SSS,Active,Plateau,-0.0034790621272305375,0.17508180107006677
Utility4,2025-05-07,600,NA,NA,County4,89083,11.5,Fourth County,NA,NA,sars-cov-2,2022-02-28,NA,Publish,SSS,Active,Decreasing,-0.008562717734359336,0.0011149781902911203
Utility4,2025-05-12,600,NA,NA,County4,89083,11.5,Fourth County,NA,NA,sars-cov-2,2022-02-28,NA,Publish,SSS,Active,Decreasing,-0.006629615235134721,0.018873805884578366
Utility4,2025-05-14,600,NA,NA,County4,89083,11.5,Fourth County,NA,NA,sars-cov-2,2022-02-28,NA,Publish,SSS,Active,Plateau,-0.002702286085664284,0.35429481641552824
Utility4,2025-05-19,600,NA,NA,County4,89083,11.5,Fourth County,NA,NA,sars-cov-2,2022-02-28,NA,Publish,SSS,Active,Plateau,0.0031919478652265364,0.20479209930649883
Utility4,2025-05-21,600,NA,NA,County4,89083,11.5,Fourth County,NA,NA,sars-cov-2,2022-02-28,NA,Publish,SSS,Active,Increasing,0.008382269002254205,0.004328017155004274
Utility4,2025-05-27,600,NA,NA,County4,89083,11.5,Fourth County,NA,NA,sars-cov-2,2022-02-28,NA,Publish,SSS,Active,Increasing,0.011983302096541583,4.909233392195343e-4
Utility4,2025-05-28,600,NA,NA,County4,89083,11.5,Fourth County,NA,NA,sars-cov-2,2022-02-28,NA,Publish,SSS,Active,Increasing,0.013767559520772712,1.374223450846098e-4
Utility4,2025-06-02,600,NA,NA,County4,89083,11.5,Fourth County,NA,NA,sars-cov-2,2022-02-28,NA,Publish,SSS,Active,Increasing,0.017459777820090186,7.039791898122674e-5
Utility4,2025-06-04,600,NA,NA,County4,89083,11.5,Fourth County,NA,NA,sars-cov-2,2022-02-28,NA,Publish,SSS,Active,Increasing,0.021243332633369763,4.344584398511788e-5
Utility4,2025-06-11,600,NA,NA,County4,89083,11.5,Fourth County,NA,NA,sars-cov-2,2022-02-28,NA,Publish,SSS,Active,Increasing,0.027034306274038068,4.9976417187904e-5
Utility4,2025-06-16,1947491,NA,NA,County4,89083,11.5,Fourth County,NA,NA,sars-cov-2,2022-02-28,NA,Publish,SSS,Active,Increasing,0.03147669898377756,3.0067495271244754e-5
Utility4,2025-06-23,1247674,NA,NA,County4,89083,11.5,Fourth County,NA,NA,sars-cov-2,2022-02-28,NA,Publish,SSS,Active,Increasing,0.03558693328105007,5.1388350282418634e-5
Utility4,2025-06-30,600,NA,NA,County4,89083,11.5,Fourth County,NA,NA,sars-cov-2,2022-02-28,NA,Publish,SSS,Active,Increasing,0.039432072626190084,0.0013700307989962237
Utility4,2025-07-07,600,NA,NA,County4,89083,11.5,Fourth County,NA,NA,sars-cov-2,2022-02-28,NA,Publish,SSS,Active,Increasing,0.04204314322276428,0.002775742883020748
Utility4,2025-07-09,4271759,NA,NA,County4,89083,11.5,Fourth County,NA,NA,sars-cov-2,2022-02-28,NA,Publish,SSS,Active,Increasing,0.047155735212872155,2.8963276751478177e-4
Utility4,2025-07-14,2925974,NA,NA,County4,89083,11.5,Fourth County,NA,NA,sars-cov-2,2022-02-28,NA,Publish,SSS,Active,Increasing,0.04541084645767594,3.204312922676679e-5
Utility4,2025-07-16,1084975,NA,NA,County4,89083,11.5,Fourth County,NA,NA,sars-cov-2,2022-02-28,NA,Publish,SSS,Active,Increasing,0.04277939021018871,1.5208057811367013e-4
Utility4,2025-07-21,1948009,NA,NA,County4,89083,11.5,Fourth County,NA,NA,sars-cov-2,2022-02-28,NA,Publish,SSS,Active,Increasing,0.04300241503358787,3.1394777884029197e-6
Utility4,2025-07-23,10096392,NA,NA,County4,89083,11.5,Fourth County,NA,NA,sars-cov-2,2022-02-28,NA,Publish,SSS,Active,Increasing,0.045549524931815355,4.021332646135505e-5
Utility4,2025-07-28,3467832,NA,NA,County4,89083,11.5,Fourth County,NA,NA,sars-cov-2,2022-02-28,NA,Publish,SSS,Active,Increasing,0.04743012772115936,2.3137055017578094e-6
Utility4,2025-07-31,10653962,NA,NA,County4,89083,11.5,Fourth County,NA,NA,sars-cov-2,2022-02-28,NA,Publish,SSS,Active,Increasing,0.053087465472096584,1.1377316274233175e-5
Utility4,2025-08-04,9850324,NA,NA,County4,89083,11.5,Fourth County,NA,NA,sars-cov-2,2022-02-28,NA,Publish,SSS,Active,Increasing,0.052825742587497726,2.5013542453243333e-7
Utility4,2025-08-06,5367818,NA,NA,County4,89083,11.5,Fourth County,NA,NA,sars-cov-2,2022-02-28,NA,Publish,SSS,Active,Increasing,0.05207548038532969,8.628542561425776e-7
Utility4,2025-08-11,12757052,NA,NA,County4,89083,11.5,Fourth County,NA,NA,sars-cov-2,2022-02-28,NA,Publish,SSS,Active,Increasing,0.0483653970905578,5.156031714105891e-6
Utility4,2025-08-13,6026162,NA,NA,County4,89083,11.5,Fourth County,NA,NA,sars-cov-2,2022-02-28,NA,Publish,SSS,Active,Increasing,0.042108206477723245,1.2945149418385944e-5
Utility4,2025-08-18,3619607,NA,NA,County4,89083,11.5,Fourth County,NA,NA,sars-cov-2,2022-02-28,NA,Publish,SSS,Active,Increasing,0.03710267644042511,1.878860669874067e-5
Utility4,2025-08-20,8929189,NA,NA,County4,89083,11.5,Fourth County,NA,NA,sars-cov-2,2022-02-28,NA,Publish,SSS,Active,Increasing,0.0344726883037677,1.515046336929248e-6
Utility4,2025-08-25,6119899,NA,NA,County4,89083,11.5,Fourth County,NA,NA,sars-cov-2,2022-02-28,NA,Publish,SSS,Active,Increasing,0.035062215568901524,3.179924873087192e-6
Utility4,2025-08-26,13213247,NA,NA,County4,89083,11.5,Fourth County,NA,NA,sars-cov-2,2022-02-28,NA,Publish,SSS,Active,Increasing,0.03866102801815126,1.2881983347358765e-5
Utility4,2025-08-27,16108062,NA,NA,County4,89083,11.5,Fourth County,NA,NA,sars-cov-2,2022-02-28,NA,Publish,SSS,Active,Increasing,0.040578523415797055,1.0012017318055178e-6
Utility5,2024-06-27,6034328,NA,NA,County5,16813,2.57,Fifth County,NA,NA,sars-cov-2,2022-01-02,NA,Publish,SSS,Active,NA,NA,NA
Utility5,2024-07-01,2095838,NA,NA,County5,16813,2.57,Fifth County,NA,NA,sars-cov-2,2022-01-02,NA,Publish,SSS,Active,NA,-0.023769990149981997,NA
Utility5,2024-07-08,600,NA,NA,County5,16813,2.57,Fifth County,NA,NA,sars-cov-2,2022-01-02,NA,Publish,SSS,Active,Plateau,-0.012735479086744172,0.29528872985234333
Utility5,2024-07-11,4981822,NA,NA,County5,16813,2.57,Fifth County,NA,NA,sars-cov-2,2022-01-02,NA,Publish,SSS,Active,Plateau,-0.00746777642571299,0.215011435441924
Utility5,2024-07-15,5284223,NA,NA,County5,16813,2.57,Fifth County,NA,NA,sars-cov-2,2022-01-02,NA,Publish,SSS,Active,Plateau,-0.0074281678304425605,0.053832532144845555
Utility5,2024-07-18,1599520,NA,NA,County5,16813,2.57,Fifth County,NA,NA,sars-cov-2,2022-01-02,NA,Publish,SSS,Active,Decreasing,-0.009727061795821354,0.009156065713839902
Utility5,2024-07-22,4235520,NA,NA,County5,16813,2.57,Fifth County,NA,NA,sars-cov-2,2022-01-02,NA,Publish,SSS,Active,Decreasing,-0.009717846234403377,0.009157531468473246
Utility5,2024-07-25,4034146,NA,NA,County5,16813,2.57,Fifth County,NA,NA,sars-cov-2,2022-01-02,NA,Publish,SSS,Active,Decreasing,-0.013052158367048471,0.0011502531279963843
Utility5,2024-07-29,1875651,NA,NA,County5,16813,2.57,Fifth County,NA,NA,sars-cov-2,2022-01-02,NA,Publish,SSS,Active,Decreasing,-0.015204910734863608,2.657599914654854e-4
Utility5,2024-08-01,2168633,NA,NA,County5,16813,2.57,Fifth County,NA,NA,sars-cov-2,2022-01-02,NA,Publish,SSS,Active,Decreasing,-0.017564522793019264,1.1508166564084434e-5
Utility5,2024-08-05,709437,NA,NA,County5,16813,2.57,Fifth County,NA,NA,sars-cov-2,2022-01-02,NA,Publish,SSS,Active,Decreasing,-0.015613610283658784,2.90828761350059e-4
Utility5,2024-08-08,7113839,NA,NA,County5,16813,2.57,Fifth County,NA,NA,sars-cov-2,2022-01-02,NA,Publish,SSS,Active,Decreasing,-0.009883223807967292,0.02905352890969208
Utility5,2024-08-12,3153778,NA,NA,County5,16813,2.57,Fifth County,NA,NA,sars-cov-2,2022-01-02,NA,Publish,SSS,Active,Plateau,-0.004751180343065791,0.26493558672227513
Utility5,2024-08-15,3080522,NA,NA,County5,16813,2.57,Fifth County,NA,NA,sars-cov-2,2022-01-02,NA,Publish,SSS,Active,Plateau,0.0011946140543113673,0.7192232859821386
Utility5,2024-08-19,3808398,NA,NA,County5,16813,2.57,Fifth County,NA,NA,sars-cov-2,2022-01-02,NA,Publish,SSS,Active,Increasing,0.007480834728765747,0.004954018885816873
Utility5,2024-08-22,3031220,NA,NA,County5,16813,2.57,Fifth County,NA,NA,sars-cov-2,2022-01-02,NA,Publish,SSS,Active,Increasing,0.010427434260132363,5.984095363731581e-5
Utility5,2024-08-26,6343138,NA,NA,County5,16813,2.57,Fifth County,NA,NA,sars-cov-2,2022-01-02,NA,Publish,SSS,Active,Increasing,0.013181474957630187,4.015200652529999e-4
Utility5,2024-08-29,725897,NA,NA,County5,16813,2.57,Fifth County,NA,NA,sars-cov-2,2022-01-02,NA,Publish,SSS,Active,Increasing,0.013628828608088953,3.318976460241736e-4
Utility5,2024-09-03,5188565,NA,NA,County5,16813,2.57,Fifth County,NA,NA,sars-cov-2,2022-01-02,NA,Publish,SSS,Active,Increasing,0.016225671432780718,3.3630787452586236e-4
Utility5,2024-09-09,4543293,NA,NA,County5,16813,2.57,Fifth County,NA,NA,sars-cov-2,2022-01-02,NA,Publish,SSS,Active,Increasing,0.013121040133081758,0.0031354991559513854
Utility5,2024-09-16,4285252,NA,NA,County5,16813,2.57,Fifth County,NA,NA,sars-cov-2,2022-01-02,NA,Publish,SSS,Active,Plateau,0.00382152958267072,0.19016827550488416
Utility5,2024-09-23,1532788,NA,NA,County5,16813,2.57,Fifth County,NA,NA,sars-cov-2,2022-01-02,NA,Publish,SSS,Active,Plateau,-0.007362440274401293,0.08295123370367179
Utility5,2024-09-26,2243342,NA,NA,County5,16813,2.57,Fifth County,NA,NA,sars-cov-2,2022-01-02,NA,Publish,SSS,Active,Plateau,-0.00599160692140721,0.18371893113262142
Utility5,2024-09-30,6534324,NA,NA,County5,16813,2.57,Fifth County,NA,NA,sars-cov-2,2022-01-02,NA,Publish,SSS,Active,Plateau,6.221741158806813e-4,0.89143951879159
Utility5,2024-10-03,6606382,NA,NA,County5,16813,2.57,Fifth County,NA,NA,sars-cov-2,2022-01-02,NA,Publish,SSS,Active,Plateau,0.006789450670587224,0.15057907758728822
Utility5,2024-10-08,4237155,NA,NA,County5,16813,2.57,Fifth County,NA,NA,sars-cov-2,2022-01-02,NA,Publish,SSS,Active,Plateau,0.006421341887342225,0.18391694777290338
Utility5,2024-10-10,710396,NA,NA,County5,16813,2.57,Fifth County,NA,NA,sars-cov-2,2022-01-02,NA,Publish,SSS,Active,Plateau,0.001552186627950866,0.6982968790062392
Utility5,2024-10-14,4193880,NA,NA,County5,16813,2.57,Fifth County,NA,NA,sars-cov-2,2022-01-02,NA,Publish,SSS,Active,Plateau,-0.0011472799631512137,0.7231399805446361
Utility5,2024-10-17,950759,NA,NA,County5,16813,2.57,Fifth County,NA,NA,sars-cov-2,2022-01-02,NA,Publish,SSS,Active,Plateau,-0.006030817993570313,0.07217743637206825
Utility5,2024-10-21,3947734,NA,NA,County5,16813,2.57,Fifth County,NA,NA,sars-cov-2,2022-01-02,NA,Publish,SSS,Active,Decreasing,-0.009459059977290553,3.561413381326266e-4
Utility5,2024-10-24,5501535,NA,NA,County5,16813,2.57,Fifth County,NA,NA,sars-cov-2,2022-01-02,NA,Publish,SSS,Active,Decreasing,-0.009058939178006842,8.103504146390241e-4
Utility5,2024-10-28,600,NA,NA,County5,16813,2.57,Fifth County,NA,NA,sars-cov-2,2022-01-02,NA,Publish,SSS,Active,Decreasing,-0.008673971849799027,5.715026622650965e-4
Utility5,2024-10-31,3072033,NA,NA,County5,16813,2.57,Fifth County,NA,NA,sars-cov-2,2022-01-02,NA,Publish,SSS,Active,Decreasing,-0.009996675132520488,0.0014929340792735797
Utility5,2024-11-04,2349741,NA,NA,County5,16813,2.57,Fifth County,NA,NA,sars-cov-2,2022-01-02,NA,Publish,SSS,Active,Decreasing,-0.012073276245408177,8.557489233983963e-4
Utility5,2024-11-12,5953523,NA,NA,County5,16813,2.57,Fifth County,NA,NA,sars-cov-2,2022-01-02,NA,Publish,SSS,Active,Decreasing,-0.013333884245840788,0.034400899407630886
Utility5,2024-11-14,600,NA,NA,County5,16813,2.57,Fifth County,NA,NA,sars-cov-2,2022-01-02,NA,Publish,SSS,Active,Decreasing,-0.01154173873933444,0.011032080702641939
Utility5,2024-11-18,600,NA,NA,County5,16813,2.57,Fifth County,NA,NA,sars-cov-2,2022-01-02,NA,Publish,SSS,Active,Decreasing,-0.008681766078954298,0.0087026600429167909
Utility5,2024-11-21,2570996,NA,NA,County5,16813,2.57,Fifth County,NA,NA,sars-cov-2,2022-01-02,NA,Publish,SSS,Active,Decreasing,-0.007449485898604853,0.0067440267103887055
Utility5,2024-11-25,600,NA,NA,County5,16813,2.57,Fifth County,NA,NA,sars-cov-2,2022-01-02,NA,Publish,SSS,Active,Decreasing,-0.006612622257136823,0.013368835817460881
Utility5,2024-12-02,2979703,NA,NA,County5,16813,2.57,Fifth County,NA,NA,sars-cov-2,2022-01-02,NA,Publish,SSS,Active,Plateau,-0.005462145226154414,0.05768398487982584
Utility5,2024-12-05,3409258,NA,NA,County5,16813,2.57,Fifth County,NA,NA,sars-cov-2,2022-01-02,NA,Publish,SSS,Active,Plateau,-1.5459927092351206e-4,0.9499024726473932
Utility5,2024-12-09,3440449,NA,NA,County5,16813,2.57,Fifth County,NA,NA,sars-cov-2,2022-01-02,NA,Publish,SSS,Active,Plateau,0.004517035146726065,0.05107042096591822
Utility5,2024-12-12,2817265,NA,NA,County5,16813,2.57,Fifth County,NA,NA,sars-cov-2,2022-01-02,NA,Publish,SSS,Active,Increasing,0.006280361010303108,0.0012588111776117878
Utility5,2024-12-16,4974010,NA,NA,County5,16813,2.57,Fifth County,NA,NA,sars-cov-2,2022-01-02,NA,Publish,SSS,Active,Increasing,0.007604181977100907,9.163300195008322e-4
Utility5,2024-12-19,2790755,NA,NA,County5,16813,2.57,Fifth County,NA,NA,sars-cov-2,2022-01-02,NA,Publish,SSS,Active,Increasing,0.0059197251597583374,0.010328122578349289
Utility5,2024-12-26,1697950,NA,NA,County5,16813,2.57,Fifth County,NA,NA,sars-cov-2,2022-01-02,NA,Publish,SSS,Active,Increasing,0.004217616877952884,0.02595955454953563
Utility5,2025-01-02,7020220,NA,NA,County5,16813,2.57,Fifth County,NA,NA,sars-cov-2,2022-01-02,NA,Publish,SSS,Active,Plateau,0.007037922598049711,0.082965303340567
Utility5,2025-01-09,600,NA,NA,County5,16813,2.57,Fifth County,NA,NA,sars-cov-2,2022-01-02,NA,Publish,SSS,Active,Increasing,0.01214025532177132,0.04058016168842109
Utility5,2025-01-13,2479235,NA,NA,County5,16813,2.57,Fifth County,NA,NA,sars-cov-2,2022-01-02,NA,Publish,SSS,Active,Plateau,0.01141835934358557,0.053348402920613595
Utility5,2025-01-16,4462608,NA,NA,County5,16813,2.57,Fifth County,NA,NA,sars-cov-2,2022-01-02,NA,Publish,SSS,Active,Increasing,0.014557409857566761,0.009087195192269783
Utility5,2025-01-21,6101957,NA,NA,County5,16813,2.57,Fifth County,NA,NA,sars-cov-2,2022-01-02,NA,Publish,SSS,Active,Increasing,0.016417620187232345,0.010085941989254972
Utility5,2025-01-27,7165275,NA,NA,County5,16813,2.57,Fifth County,NA,NA,sars-cov-2,2022-01-02,NA,Publish,SSS,Active,Increasing,0.016738926408646486,0.008239218893138235
Utility5,2025-01-30,3563902,NA,NA,County5,16813,2.57,Fifth County,NA,NA,sars-cov-2,2022-01-02,NA,Publish,SSS,Active,Plateau,0.010537091761740667,0.0573701287115677
Utility5,2025-02-03,3564228,NA,NA,County5,16813,2.57,Fifth County,NA,NA,sars-cov-2,2022-01-02,NA,Publish,SSS,Active,Plateau,0.003331600026586789,0.5250415189836978
Utility5,2025-02-06,3862900,NA,NA,County5,16813,2.57,Fifth County,NA,NA,sars-cov-2,2022-01-02,NA,Publish,SSS,Active,Plateau,-0.004434803484922577,0.19650522025226544
Utility5,2025-02-10,1350099,NA,NA,County5,16813,2.57,Fifth County,NA,NA,sars-cov-2,2022-01-02,NA,Publish,SSS,Active,Decreasing,-0.007733283176421565,0.004669131011257525
Utility5,2025-02-13,6292852,NA,NA,County5,16813,2.57,Fifth County,NA,NA,sars-cov-2,2022-01-02,NA,Publish,SSS,Active,Plateau,-0.0047252076551358956,0.11585982966569291
Utility5,2025-02-18,3395373,NA,NA,County5,16813,2.57,Fifth County,NA,NA,sars-cov-2,2022-01-02,NA,Publish,SSS,Active,Plateau,-0.0014798952030824508,0.3322063133713059
Utility5,2025-02-20,3767476,NA,NA,County5,16813,2.57,Fifth County,NA,NA,sars-cov-2,2022-01-02,NA,Publish,SSS,Active,Plateau,-0.001163154653913505,0.28279586593131933
Utility5,2025-02-24,600,NA,NA,County5,16813,2.57,Fifth County,NA,NA,sars-cov-2,2022-01-02,NA,Publish,SSS,Active,Plateau,3.3329088893416985e-4,0.6717145245167865
Utility5,2025-02-26,6522427,NA,NA,County5,16813,2.57,Fifth County,NA,NA,sars-cov-2,2022-01-02,NA,Publish,SSS,Active,Plateau,0.001670073097613874,0.12039176859738648
Utility5,2025-02-27,3545354,NA,NA,County5,16813,2.57,Fifth County,NA,NA,sars-cov-2,2022-01-02,NA,Publish,SSS,Active,Plateau,3.0061003882960363e-4,0.7809530502382354
Utility5,2025-03-03,5067269,NA,NA,County5,16813,2.57,Fifth County,NA,NA,sars-cov-2,2022-01-02,NA,Publish,SSS,Active,Plateau,-0.001207077524869152,0.3886394418228817
Utility5,2025-03-06,3499038,NA,NA,County5,16813,2.57,Fifth County,NA,NA,sars-cov-2,2022-01-02,NA,Publish,SSS,Active,Decreasing,-0.005076538899049217,0.043162232274956115
Utility5,2025-03-10,600,NA,NA,County5,16813,2.57,Fifth County,NA,NA,sars-cov-2,2022-01-02,NA,Publish,SSS,Active,Decreasing,-0.00905066804224814,0.015122739244397094
Utility5,2025-03-13,1247689,NA,NA,County5,16813,2.57,Fifth County,NA,NA,sars-cov-2,2022-01-02,NA,Publish,SSS,Active,Decreasing,-0.013902669285680748,0.001594861591771254
Utility5,2025-03-17,2777534,NA,NA,County5,16813,2.57,Fifth County,NA,NA,sars-cov-2,2022-01-02,NA,Publish,SSS,Active,Decreasing,-0.01684224990170619,7.280975050360323e-5
Utility5,2025-03-20,2887180,NA,NA,County5,16813,2.57,Fifth County,NA,NA,sars-cov-2,2022-01-02,NA,Publish,SSS,Active,Decreasing,-0.01681666628163367,5.470414077303697e-4
Utility5,2025-03-24,1874164,NA,NA,County5,16813,2.57,Fifth County,NA,NA,sars-cov-2,2022-01-02,NA,Publish,SSS,Active,Decreasing,-0.013525507319512903,0.004543645961831483
Utility5,2025-03-27,3068480,NA,NA,County5,16813,2.57,Fifth County,NA,NA,sars-cov-2,2022-01-02,NA,Publish,SSS,Active,Plateau,-0.005594950401824457,0.14691145350522994
Utility5,2025-03-31,6320516,NA,NA,County5,16813,2.57,Fifth County,NA,NA,sars-cov-2,2022-01-02,NA,Publish,SSS,Active,Plateau,0.0030336938862210497,0.4097028084655632
Utility5,2025-04-03,3530764,NA,NA,County5,16813,2.57,Fifth County,NA,NA,sars-cov-2,2022-01-02,NA,Publish,SSS,Active,Increasing,0.008917893035599339,0.015120229594882868
Utility5,2025-04-07,3886461,NA,NA,County5,16813,2.57,Fifth County,NA,NA,sars-cov-2,2022-01-02,NA,Publish,SSS,Active,Increasing,0.011849119150161678,0.0011930687987036896
Utility5,2025-04-14,3329385,NA,NA,County5,16813,2.57,Fifth County,NA,NA,sars-cov-2,2022-01-02,NA,Publish,SSS,Active,Increasing,0.013338978495686375,0.002968855072184141
Utility5,2025-04-17,537212,NA,NA,County5,16813,2.57,Fifth County,NA,NA,sars-cov-2,2022-01-02,NA,Publish,SSS,Active,Increasing,0.010267448670825493,0.0016582154784136076
Utility5,2025-04-21,4874575,NA,NA,County5,16813,2.57,Fifth County,NA,NA,sars-cov-2,2022-01-02,NA,Publish,SSS,Active,Increasing,0.009833853839971221,9.451216571965087e-4
Utility5,2025-04-24,600,NA,NA,County5,16813,2.57,Fifth County,NA,NA,sars-cov-2,2022-01-02,NA,Publish,SSS,Active,Increasing,0.011484677153160266,4.4301695949255427e-4
Utility5,2025-04-28,7109023,NA,NA,County5,16813,2.57,Fifth County,NA,NA,sars-cov-2,2022-01-02,NA,Publish,SSS,Active,Increasing,0.012655129676787398,1.2972123509089983e-4
Utility5,2025-05-01,4486366,NA,NA,County5,16813,2.57,Fifth County,NA,NA,sars-cov-2,2022-01-02,NA,Publish,SSS,Active,Increasing,0.010442387801608279,0.007125695872539052
Utility5,2025-05-08,3830551,NA,NA,County5,16813,2.57,Fifth County,NA,NA,sars-cov-2,2022-01-02,NA,Publish,SSS,Active,Plateau,0.0042531834467318935,0.2651227470205607
Utility5,2025-05-12,1654232,NA,NA,County5,16813,2.57,Fifth County,NA,NA,sars-cov-2,2022-01-02,NA,Publish,SSS,Active,Plateau,-0.0025695294485608413,0.4233680142033437
Utility5,2025-05-15,4407862,NA,NA,County5,16813,2.57,Fifth County,NA,NA,sars-cov-2,2022-01-02,NA,Publish,SSS,Active,Plateau,-0.005182599437248381,0.05780106153780388
Utility5,2025-05-19,4482330,NA,NA,County5,16813,2.57,Fifth County,NA,NA,sars-cov-2,2022-01-02,NA,Publish,SSS,Active,Plateau,-0.005119304359309069,0.06193448227108525
Utility5,2025-05-22,3174566,NA,NA,County5,16813,2.57,Fifth County,NA,NA,sars-cov-2,2022-01-02,NA,Publish,SSS,Active,Plateau,-0.003324431159158021,0.11757955524126301
Utility5,2025-05-27,600,NA,NA,County5,16813,2.57,Fifth County,NA,NA,sars-cov-2,2022-01-02,NA,Publish,SSS,Active,Plateau,-6.934002183956082e-4,0.5637206034228273
Utility5,2025-05-29,1954739,NA,NA,County5,16813,2.57,Fifth County,NA,NA,sars-cov-2,2022-01-02,NA,Publish,SSS,Active,Plateau,5.204388960538481e-4,0.6407127196076543
Utility5,2025-06-02,6322807,NA,NA,County5,16813,2.57,Fifth County,NA,NA,sars-cov-2,2022-01-02,NA,Publish,SSS,Active,Plateau,0.005117414724183972,0.07362430430582015
Utility5,2025-06-05,6729369,NA,NA,County5,16813,2.57,Fifth County,NA,NA,sars-cov-2,2022-01-02,NA,Publish,SSS,Active,Increasing,0.008518659393496865,0.023938486988753054
Utility5,2025-06-09,2895781,NA,NA,County5,16813,2.57,Fifth County,NA,NA,sars-cov-2,2022-01-02,NA,Publish,SSS,Active,Increasing,0.010238455994756989,0.006202372816520539
Utility5,2025-06-12,2773447,NA,NA,County5,16813,2.57,Fifth County,NA,NA,sars-cov-2,2022-01-02,NA,Publish,SSS,Active,Increasing,0.012164620927682288,7.767185769634593e-4
Utility5,2025-06-16,3692962,NA,NA,County5,16813,2.57,Fifth County,NA,NA,sars-cov-2,2022-01-02,NA,Publish,SSS,Active,Increasing,0.01467570327287647,8.680131483348502e-4
Utility5,2025-06-23,4324239,NA,NA,County5,16813,2.57,Fifth County,NA,NA,sars-cov-2,2022-01-02,NA,Publish,SSS,Active,Increasing,0.020399473144385744,0.01727832366879289
Utility5,2025-06-26,7093364,NA,NA,County5,16813,2.57,Fifth County,NA,NA,sars-cov-2,2022-01-02,NA,Publish,SSS,Active,Increasing,0.0337609321253895,0.007540067724247104
Utility5,2025-06-30,77241157,NA,NA,County5,16813,2.57,Fifth County,NA,NA,sars-cov-2,2022-01-02,NA,Publish,SSS,Active,Increasing,0.04727389471738681,4.651845256231781e-4
Utility5,2025-07-07,5415950,NA,NA,County5,16813,2.57,Fifth County,NA,NA,sars-cov-2,2022-01-02,NA,Publish,SSS,Active,Increasing,0.05757152531388739,2.9334771767079776e-5
Utility5,2025-07-10,35514417,NA,NA,County5,16813,2.57,Fifth County,NA,NA,sars-cov-2,2022-01-02,NA,Publish,SSS,Active,Increasing,0.05974986546082444,6.249337695960943e-5
Utility5,2025-07-14,58484272,NA,NA,County5,16813,2.57,Fifth County,NA,NA,sars-cov-2,2022-01-02,NA,Publish,SSS,Active,Increasing,0.060545252290521705,1.1918085430969547e-6
Utility5,2025-07-17,51059694,NA,NA,County5,16813,2.57,Fifth County,NA,NA,sars-cov-2,2022-01-02,NA,Publish,SSS,Active,Increasing,0.05928433496648187,1.8101749359578758e-6
Utility5,2025-07-21,3446196,NA,NA,County5,16813,2.57,Fifth County,NA,NA,sars-cov-2,2022-01-02,NA,Publish,SSS,Active,Increasing,0.057155970697208264,1.3290768441854016e-5
Utility5,2025-07-24,10976559,NA,NA,County5,16813,2.57,Fifth County,NA,NA,sars-cov-2,2022-01-02,NA,Publish,SSS,Active,Increasing,0.05456433019642709,2.070032228914425e-5
Utility5,2025-07-28,11114874,NA,NA,County5,16813,2.57,Fifth County,NA,NA,sars-cov-2,2022-01-02,NA,Publish,SSS,Active,Increasing,0.05565808942806252,6.343266955908086e-7
Utility5,2025-07-31,9907881,NA,NA,County5,16813,2.57,Fifth County,NA,NA,sars-cov-2,2022-01-02,NA,Publish,SSS,Active,Increasing,0.05860826921182288,8.628132644056798e-6
Utility5,2025-08-04,41025077,NA,NA,County5,16813,2.57,Fifth County,NA,NA,sars-cov-2,2022-01-02,NA,Publish,SSS,Active,Increasing,0.06777455052253965,6.0374368117029347e-5
Utility5,2025-08-07,52055529,NA,NA,County5,16813,2.57,Fifth County,NA,NA,sars-cov-2,2022-01-02,NA,Publish,SSS,Active,Increasing,0.0785004782426009,2.9535063138960946e-5
Utility5,2025-08-14,60828237,NA,NA,County5,16813,2.57,Fifth County,NA,NA,sars-cov-2,2022-01-02,NA,Publish,SSS,Active,Increasing,0.09149018436537401,4.704958755465749e-6
Utility5,2025-08-18,76595843,NA,NA,County5,16813,2.57,Fifth County,NA,NA,sars-cov-2,2022-01-02,NA,Publish,SSS,Active,Increasing,0.0886601939885017,2.427246560986231e-5
Utility5,2025-08-21,46553909,NA,NA,County5,16813,2.57,Fifth County,NA,NA,sars-cov-2,2022-01-02,NA,Publish,SSS,Active,Increasing,0.07694101752433238,2.2639688233092346e-4
Utility5,2025-08-25,600,NA,NA,County5,16813,2.57,Fifth County,NA,NA,sars-cov-2,2022-01-02,NA,Publish,SSS,Active,Increasing,0.06452226637050264,1.334124939524144e-4
Utility5,2025-08-28,90785896,NA,NA,County5,16813,2.57,Fifth County,NA,NA,sars-cov-2,2022-01-02,NA,Publish,SSS,Active,Increasing,0.05688967227371801,1.920873580713623e-5
Utility5,2025-09-02,55077685,NA,NA,County5,16813,2.57,Fifth County,NA,NA,sars-cov-2,2022-01-02,NA,Publish,SSS,Active,Increasing,0.05138093749373015,4.529242046948711e-6
